Model,Threshold,Accuracy,Balanced Accuracy,Precision,Recall,F1,False Positive Rate,False Negative Rate,True Positives,False Positives,True Negatives,False Negatives
Original XGBoost,0.1,0.5088333333333334,0.6439393291900706,0.29607250755287007,0.8862094951017332,0.4438573315719947,0.5983308367215922,0.11379050489826677,1176,2796,1877,151
Original XGBoost,0.11,0.5415,0.6581660651845463,0.3089103596349973,0.8673700075357951,0.4555709479517119,0.5510378771667024,0.13262999246420498,1151,2575,2098,176
Original XGBoost,0.12,0.5721666666666667,0.668141116268464,0.32132564841498557,0.840241145440844,0.46487387950802583,0.5039589129039161,0.15975885455915598,1115,2355,2318,212
Original XGBoost,0.13,0.601,0.6796371142984816,0.33559322033898303,0.8206480783722683,0.4763779527559055,0.46137384977530493,0.17935192162773173,1089,2156,2517,238
Original XGBoost,0.13999999999999999,0.6286666666666667,0.6890351682798019,0.35067948293006296,0.7972871137905049,0.4871086556169429,0.4192167772309009,0.2027128862094951,1058,1959,2714,269
Original XGBoost,0.14999999999999997,0.6508333333333334,0.6949022999414134,0.36392629340892985,0.7739261492087415,0.495059050373584,0.38412154932591486,0.22607385079125847,1027,1795,2878,300
Original XGBoost,0.15999999999999998,0.6673333333333333,0.6995596405846667,0.3751399776035834,0.7573474001507159,0.5017473789316026,0.3582281189813824,0.2426525998492841,1005,1674,2999,322
Original XGBoost,0.16999999999999998,0.687,0.7038218075555013,0.3897559023609444,0.7339864355689525,0.509147935180345,0.32634282045794993,0.26601356443104746,974,1525,3148,353
Original XGBoost,0.17999999999999997,0.6995,0.703213283640842,0.39915254237288134,0.7098718914845517,0.5109845402766476,0.3034453242028675,0.2901281085154484,942,1418,3255,385
Original XGBoost,0.18999999999999995,0.7138333333333333,0.7054004864643544,0.41224122412241226,0.6902788244159759,0.5162017469709778,0.2794778514872673,0.3097211755840241,916,1306,3367,411
Original XGBoost,0.19999999999999996,0.7276666666666667,0.7083458647707791,0.42673031026252983,0.6737000753579503,0.5225014611338399,0.25700834581639204,0.3262999246420497,894,1201,3472,433
Original XGBoost,0.20999999999999996,0.7381666666666666,0.7099606664719691,0.43881644934804415,0.6593820648078372,0.5269497139415839,0.239460731863899,0.34061793519216277,875,1119,3554,452
Original XGBoost,0.21999999999999995,0.7475,0.7108264846507966,0.45052631578947366,0.6450640542577242,0.5305237062286954,0.22341108495613096,0.3549359457422758,856,1044,3629,471
Original XGBoost,0.22999999999999995,0.7545,0.7093849594690982,0.4597574421168688,0.6284853051996986,0.5310410697230181,0.20971538626150224,0.3715146948003014,834,980,3693,493
Original XGBoost,0.23999999999999994,0.762,0.7117717245940258,0.4711593375214163,0.6217030896759608,0.5360623781676414,0.19815964048790927,0.37829691032403917,825,926,3747,502
Original XGBoost,0.24999999999999992,0.7668333333333334,0.710827774750523,0.4787234042553192,0.6103993971363979,0.5366015236833388,0.188743847635352,0.3896006028636021,810,882,3791,517
Original XGBoost,0.2599999999999999,0.7723333333333333,0.7097722312806933,0.488,0.5975885455915599,0.5372628726287263,0.17804408303017333,0.4024114544084401,793,832,3841,534
Original XGBoost,0.2699999999999999,0.7788333333333334,0.7112472184240433,0.5,0.5900527505651846,0.541306602143104,0.16755831371709823,0.40994724943481536,783,783,3890,544
Original XGBoost,0.2799999999999999,0.7836666666666666,0.7113824370016082,0.5095709570957095,0.5817633760361718,0.5432793807178043,0.15899850203295526,0.41823662396382816,772,743,3930,555
Original XGBoost,0.2899999999999999,0.786,0.7080241461515278,0.5146757679180888,0.5681989449886963,0.5401146131805158,0.1521506526856409,0.43180105501130367,754,711,3962,573
Original XGBoost,0.29999999999999993,0.7906666666666666,0.707782574977774,0.5251238499646143,0.5591559909570459,0.5416058394160584,0.14359084100149797,0.440844009042954,742,671,4002,585
Original XGBoost,0.30999999999999994,0.7943333333333333,0.7052802652961077,0.5343173431734317,0.5455915599095704,0.5398956002982849,0.13503102931735503,0.4544084400904295,724,631,4042,603
Original XGBoost,0.3199999999999999,0.795,0.7003124137749753,0.5369946605644547,0.5305199698568199,0.533737680060652,0.12989514230686924,0.4694800301431801,704,607,4066,623
Original XGBoost,0.32999999999999985,0.7993333333333333,0.700126639414385,0.5486935866983373,0.5222305953278071,0.5351351351351351,0.12197731649903702,0.4777694046721929,693,570,4103,634
Original XGBoost,0.33999999999999986,0.8005,0.695209988726141,0.5535420098846787,0.506405425772419,0.5289256198347108,0.11598544832013696,0.493594574227581,672,542,4131,655
Original XGBoost,0.34999999999999987,0.8033333333333333,0.6932518592352838,0.562874251497006,0.4958553127354936,0.5272435897435898,0.10935159426492617,0.5041446872645065,658,511,4162,669
Original XGBoost,0.3599999999999999,0.8061666666666667,0.6918333139549604,0.5726950354609929,0.48681235870384326,0.5262729124236253,0.10314573079392253,0.5131876412961568,646,482,4191,681
Original XGBoost,0.3699999999999999,0.8076666666666666,0.6898285796114897,0.5788514129443938,0.47852298417483047,0.5239273927392739,0.09886582495185106,0.5214770158251696,635,462,4211,692
Original XGBoost,0.3799999999999999,0.8076666666666666,0.6849723217166841,0.5815268614514609,0.46495855312735496,0.516750418760469,0.09501390969398674,0.5350414468726451,617,444,4229,710
Original XGBoost,0.3899999999999999,0.8105,0.6846329448574286,0.5924124513618677,0.4589299171062547,0.5171974522292994,0.0896640273913974,0.5410700828937453,609,419,4254,718
Original XGBoost,0.3999999999999998,0.8106666666666666,0.6815024372402767,0.5952143569292123,0.44988696307460435,0.5124463519313305,0.08688208859405093,0.5501130369253956,597,406,4267,730
Original XGBoost,0.4099999999999998,0.8116666666666666,0.6783673336428497,0.6016511867905057,0.43933685003767897,0.5078397212543554,0.08260218275197946,0.560663149962321,583,386,4287,744
Original XGBoost,0.4199999999999998,0.8133333333333334,0.6761998048401638,0.6106951871657754,0.43029389600602863,0.5048629531388152,0.07789428632570083,0.5697061039939714,571,364,4309,756
Original XGBoost,0.4299999999999998,0.814,0.6728507059506333,0.6168327796234773,0.41974378296910325,0.49955156950672647,0.07404237106783651,0.5802562170308968,557,346,4327,770
Original XGBoost,0.43999999999999984,0.816,0.671706548755852,0.6277205040091638,0.4129615674453655,0.49818181818181817,0.06954846993366146,0.5870384325546345,548,325,4348,779
Original XGBoost,0.44999999999999984,0.8158333333333333,0.6675526695307956,0.6315165876777251,0.40165787490580257,0.49101796407185627,0.06655253584421143,0.5983421250941975,533,311,4362,794
Original XGBoost,0.45999999999999985,0.814,0.6625986059504883,0.6275695284159613,0.3911077618688772,0.4818941504178273,0.0659105499679007,0.6088922381311228,519,308,4365,808
Original XGBoost,0.46999999999999986,0.8146666666666667,0.6603286754820256,0.6338729763387297,0.3835719668425019,0.4779342723004695,0.06291461587845068,0.6164280331574982,509,294,4379,818
Original XGBoost,0.47999999999999976,0.8143333333333334,0.6571469670319853,0.6360153256704981,0.3752825923134891,0.4720379146919431,0.06098865824951851,0.624717407686511,498,285,4388,829
Original XGBoost,0.48999999999999977,0.8148333333333333,0.6553096231280048,0.6413612565445026,0.36925395629238883,0.468675274988044,0.0586347100363792,0.6307460437076111,490,274,4399,837
Original XGBoost,0.4999999999999998,0.8161666666666667,0.6545468516648173,0.6505376344086021,0.36473247927656366,0.4674070497344278,0.05563877594692917,0.6352675207234363,484,260,4413,843
Original XGBoost,0.5099999999999998,0.8176666666666667,0.6538910778476814,0.661134163208852,0.3602110022607385,0.46634146341463417,0.05242884656537556,0.6397889977392615,478,245,4428,849
Original XGBoost,0.5199999999999998,0.8173333333333334,0.6507093693976411,0.6642958748221907,0.3519216277317257,0.4600985221674877,0.0505028889364434,0.6480783722682742,467,236,4437,860
Original XGBoost,0.5299999999999998,0.818,0.6495186073502465,0.6710334788937409,0.3474001507159005,0.45779543197616684,0.04836293601540766,0.6525998492840994,461,226,4447,866
Original XGBoost,0.5399999999999998,0.817,0.645908908315999,0.6706408345752608,0.33911077618688773,0.45045045045045046,0.04729295955488979,0.6608892238131123,450,221,4452,877
Original XGBoost,0.5499999999999998,0.8165,0.6420806180093729,0.6743827160493827,0.32931424265259984,0.44253164556962027,0.045153006633854055,0.6706857573474001,437,211,4462,890
Original XGBoost,0.5599999999999997,0.8181666666666667,0.6420714260488228,0.6873015873015873,0.3262999246420497,0.44251405212059275,0.042157072544404026,0.6737000753579503,433,197,4476,894
Original XGBoost,0.5699999999999997,0.8168333333333333,0.6377081475119378,0.6862745098039216,0.3165033911077619,0.4332129963898917,0.04108709608388615,0.6834966088922382,420,192,4481,907
Original XGBoost,0.5799999999999997,0.8168333333333333,0.6355498106698021,0.6912751677852349,0.31047475508666167,0.4284971398855954,0.03937513374705756,0.6895252449133383,412,184,4489,915
Original XGBoost,0.5899999999999997,0.8175,0.6348986328329412,0.6986301369863014,0.30746043707611154,0.42700156985871274,0.03766317141022898,0.6925395629238885,408,176,4497,919
Original XGBoost,0.5999999999999998,0.8153333333333334,0.6294607818552633,0.6931216931216931,0.2961567445365486,0.4149947201689546,0.03723518082602183,0.7038432554634514,393,174,4499,934
Original XGBoost,0.6099999999999998,0.814,0.6245579191078444,0.6935779816513762,0.2848530519969857,0.40384615384615385,0.03573721378129681,0.7151469480030144,378,167,4506,949
Original XGBoost,0.6199999999999998,0.8125,0.6198178508196407,0.6920152091254753,0.2743029389600603,0.39287641662169454,0.03466723732077894,0.7256970610399397,364,162,4511,963
Original XGBoost,0.6299999999999997,0.8126666666666666,0.6177665116235567,0.6994106090373281,0.26827430293896004,0.3877995642701525,0.03274127969184678,0.73172569706104,356,153,4520,971
Original XGBoost,0.6399999999999997,0.8131666666666667,0.6153895835090422,0.7119341563786008,0.2607385079125848,0.3816878102592388,0.029959340894500322,0.7392614920874152,346,140,4533,981
Original XGBoost,0.6499999999999997,0.8126666666666666,0.6121008774129502,0.7173447537473233,0.25244913338357194,0.3734671125975474,0.028247378557671732,0.747550866616428,335,132,4541,992
Original XGBoost,0.6599999999999997,0.813,0.6104263279681849,0.7272727272727273,0.24717407686510928,0.3689538807649044,0.026321420928739566,0.7528259231348907,328,123,4550,999
Original XGBoost,0.6699999999999997,0.8115,0.6046070912589132,0.7311320754716981,0.23360964581763377,0.3540833809251856,0.024395463299807404,0.7663903541823662,310,114,4559,1017
Original XGBoost,0.6799999999999997,0.8115,0.6019091702062433,0.7425742574257426,0.22607385079125847,0.3466204506065858,0.022255510378771666,0.7739261492087415,300,104,4569,1027
Original XGBoost,0.6899999999999997,0.8091666666666667,0.5960945294772467,0.7357512953367875,0.21401657874905802,0.3315820198482195,0.02182751979456452,0.785983421250942,284,102,4571,1043
Original XGBoost,0.6999999999999996,0.8078333333333333,0.5911916667298278,0.739010989010989,0.2027128862094951,0.3181549379065642,0.020329552749839504,0.7972871137905049,269,95,4578,1058
Tuned XGBoost,0.1,0.23733333333333334,0.5098391874564894,0.22461434141379896,0.9984928409947249,0.36673124827013565,0.9788144660817462,0.0015071590052750565,1325,4574,99,2
Tuned XGBoost,0.11,0.24733333333333332,0.5159892541143296,0.22682885043686826,0.9977392614920875,0.3696259073143495,0.9657607532634283,0.002260738507912585,1324,4513,160,3
Tuned XGBoost,0.12,0.26016666666666666,0.5236884886497832,0.22967338429464906,0.9962321024868124,0.37328815473669347,0.9488551251872459,0.0037678975131876413,1322,4434,239,5
Tuned XGBoost,0.13,0.27266666666666667,0.5306341436825994,0.23232857394676537,0.9932177844762623,0.37657142857142856,0.9319494971110636,0.006782215523737754,1318,4355,318,9
Tuned XGBoost,0.13999999999999999,0.28583333333333333,0.5377379971943556,0.23513610315186245,0.9894498869630746,0.37997395456518596,0.9139738925743633,0.010550113036925395,1313,4271,402,14
Tuned XGBoost,0.14999999999999997,0.29933333333333334,0.5437068854718806,0.23764362575232537,0.9819140919366993,0.3826725403817915,0.8945003209929382,0.01808590806330068,1303,4180,493,24
Tuned XGBoost,0.15999999999999998,0.31283333333333335,0.5510247342757404,0.24072700296735905,0.9781461944235117,0.3863670189016223,0.8760967258720308,0.02185380557648832,1298,4094,579,29
Tuned XGBoost,0.16999999999999998,0.329,0.559784753311162,0.24455801627862955,0.9736247174076865,0.39092284417549167,0.8540552107853627,0.02637528259231349,1292,3991,682,35
Tuned XGBoost,0.17999999999999997,0.345,0.5684377747005316,0.2485024154589372,0.9691032403918614,0.3955705936634882,0.8322276909907982,0.03089675960813866,1286,3889,784,41
Tuned XGBoost,0.18999999999999995,0.35983333333333334,0.5766116046728057,0.25236406619385343,0.9653353428786737,0.400124941433703,0.8121121335330622,0.0346646571213263,1281,3795,878,46
Tuned XGBoost,0.19999999999999996,0.37483333333333335,0.5857018086069326,0.2567242071457246,0.9638281838733986,0.4054525281344112,0.7924245666595335,0.03617181612660136,1279,3703,970,48
Tuned XGBoost,0.20999999999999996,0.3903333333333333,0.592954668637079,0.26062846580406657,0.9562923888470234,0.4096191091026469,0.7703830515728654,0.04370761115297664,1269,3600,1073,58
Tuned XGBoost,0.21999999999999995,0.4051666666666667,0.6005889143988192,0.2647922786403693,0.9510173323285607,0.41424585590021334,0.7498395035309223,0.048982667671439335,1262,3504,1169,65
Tuned XGBoost,0.22999999999999995,0.42283333333333334,0.6095025359329058,0.26992675570874625,0.9442351168048229,0.419835818395041,0.7252300449390113,0.05576488319517709,1253,3389,1284,74
Tuned XGBoost,0.23999999999999994,0.43716666666666665,0.6146574519143548,0.27353071144498453,0.93293142426526,0.4230309243123185,0.7036165204365504,0.06706857573474001,1238,3288,1385,89
Tuned XGBoost,0.24999999999999992,0.452,0.622021905570828,0.2782175978285456,0.9269027882441597,0.4279749478079332,0.6828589771025038,0.07309721175584025,1230,3191,1482,97
Tuned XGBoost,0.2599999999999999,0.4675,0.6279258050746396,0.28268962308050255,0.9155990957045969,0.432,0.6597474855553178,0.08440090429540316,1215,3083,1590,112
Tuned XGBoost,0.2699999999999999,0.4855,0.6365138376902958,0.2888675623800384,0.9073097211755841,0.43821656050955415,0.6342820457949925,0.09269027882441598,1204,2964,1709,123
Tuned XGBoost,0.2799999999999999,0.502,0.644138891491486,0.29478626142821845,0.8990203466465713,0.4439895794566431,0.6107425636635994,0.10097965335342879,1193,2854,1819,134
Tuned XGBoost,0.2899999999999999,0.5171666666666667,0.6495590035979268,0.29994903160040776,0.8869630746043707,0.4482955627499524,0.587845067408517,0.11303692539562923,1177,2747,1926,150
Tuned XGBoost,0.29999999999999993,0.5366666666666666,0.6591100150280492,0.3080581241743725,0.8786737000753579,0.45618153364632236,0.5604536700192596,0.12132629992464206,1166,2619,2054,161
Tuned XGBoost,0.30999999999999994,0.5491666666666667,0.6620087884818606,0.31236383442265797,0.8643556895252449,0.45889177835567113,0.5403381125615236,0.1356443104747551,1147,2525,2148,180
Tuned XGBoost,0.3199999999999999,0.566,0.6687686691540864,0.31968370516803163,0.853051996985682,0.4650780608052588,0.5155146586775091,0.146948003014318,1132,2409,2264,195
Tuned XGBoost,0.32999999999999985,0.5815,0.6746725686578979,0.32679929783499123,0.841748304446119,0.4708113804004215,0.4924031671303231,0.15825169555388094,1117,2301,2372,210
Tuned XGBoost,0.33999999999999986,0.5968333333333333,0.6804694705156578,0.33434466019417475,0.8304446119065562,0.47674670127622754,0.46950567087524075,0.16955538809344387,1102,2194,2479,225
Tuned XGBoost,0.34999999999999987,0.6115,0.6844894212628754,0.34154040404040403,0.8153730218538056,0.4814238042269188,0.4463941793280548,0.18462697814619441,1082,2086,2587,245
Tuned XGBoost,0.3599999999999999,0.6256666666666667,0.6889977553877387,0.3492948507707445,0.8025621703089676,0.486745886654479,0.42456665953349026,0.1974378296910324,1065,1984,2689,262
Tuned XGBoost,0.3699999999999999,0.639,0.6913523486507411,0.35648306534382485,0.7852298417483045,0.4903529411764706,0.4025251444468222,0.21477015825169554,1042,1881,2792,285
Tuned XGBoost,0.3799999999999999,0.651,0.6941999212716642,0.36376554174067494,0.771665410700829,0.4944471269917914,0.3832655681575005,0.22833458929917105,1024,1791,2882,303
Tuned XGBoost,0.3899999999999999,0.6616666666666666,0.6943029679873041,0.3698630136986301,0.7528259231348907,0.49602780536246277,0.3642199871602825,0.24717407686510928,999,1702,2971,328
Tuned XGBoost,0.3999999999999998,0.675,0.6980065217766415,0.3794970986460348,0.7392614920874152,0.5015337423312883,0.3432484485341322,0.2607385079125848,981,1604,3069,346
Tuned XGBoost,0.4099999999999998,0.6878333333333333,0.7013890826278235,0.3895631067961165,0.7256970610399397,0.506975519873651,0.3229188957842927,0.2743029389600603,963,1509,3164,364
Tuned XGBoost,0.4199999999999998,0.6983333333333334,0.7003059632763438,0.3972777541471714,0.7038432554634514,0.5078847199564981,0.303231328910764,0.2961567445365486,934,1417,3256,393
Tuned XGBoost,0.4299999999999998,0.7093333333333334,0.7044000947578248,0.4078656650463986,0.6955538809344386,0.5142061281337047,0.2867536914187888,0.3044461190655614,923,1340,3333,404
Tuned XGBoost,0.43999999999999984,0.7205,0.706712679148489,0.41898148148148145,0.6819894498869631,0.5190708345282478,0.268564091589985,0.3180105501130369,905,1255,3418,422
Tuned XGBoost,0.44999999999999984,0.7271666666666666,0.7074852876220898,0.4259789875835721,0.6721929163526752,0.5214849459222449,0.2572223411084956,0.3278070836473248,892,1202,3471,435
Tuned XGBoost,0.45999999999999985,0.7326666666666667,0.7048109915206583,0.4312655086848635,0.6548605877920121,0.5200478755236385,0.24523860475069548,0.34513941220798794,869,1146,3527,458
Tuned XGBoost,0.46999999999999986,0.7396666666666667,0.7063371794968967,0.4397744746283957,0.6465712132629993,0.5234899328859061,0.2338968542692061,0.35342878673700073,858,1093,3580,469
Tuned XGBoost,0.47999999999999976,0.7486666666666667,0.7086077550152223,0.45163014430785675,0.6367746797287114,0.5284552845528455,0.21955916969826664,0.3632253202712886,845,1026,3647,482
Tuned XGBoost,0.48999999999999977,0.7556666666666667,0.7093245666756598,0.4614103275957801,0.6262245666917859,0.5313299232736572,0.20757543334046652,0.373775433308214,831,970,3703,496
Tuned XGBoost,0.4999999999999998,0.763,0.7116043341545355,0.47268545140885565,0.6194423511680482,0.5362035225048923,0.1962336828589771,0.38055764883195176,822,917,3756,505
Tuned XGBoost,0.5099999999999998,0.767,0.7106649802913078,0.4789816459443458,0.6096458176337604,0.536472148541114,0.18831585705114487,0.39035418236623964,809,880,3793,518
Tuned XGBoost,0.5199999999999998,0.7728333333333334,0.7114421847451835,0.4889705882352941,0.6013564431047476,0.5393714092598851,0.17847207361438047,0.39864355689525244,798,834,3839,529
Tuned XGBoost,0.5299999999999998,0.7775,0.7114704056766968,0.4974715549936789,0.5930670685757348,0.5410794087315228,0.17012625722234112,0.4069329314242653,787,795,3878,540
Tuned XGBoost,0.5399999999999998,0.7835,0.7126243998818913,0.5091743119266054,0.5855312735493594,0.544689800210305,0.16028247378557672,0.41446872645064053,777,749,3924,550
Tuned XGBoost,0.5499999999999998,0.7876666666666666,0.7126014199805162,0.5178933153274814,0.5779954785229842,0.5462962962962963,0.15279263856195163,0.42200452147701584,767,714,3959,560
Tuned XGBoost,0.5599999999999997,0.7918333333333333,0.7131180242896751,0.5270833333333333,0.5719668425018839,0.5486086013733286,0.1457307939225337,0.42803315749811605,759,681,3992,568
Tuned XGBoost,0.5699999999999997,0.7936666666666666,0.7107877010277741,0.5317177476835353,0.5621703089675961,0.5465201465201465,0.14059490691204793,0.43782969103240393,746,657,4016,581
Tuned XGBoost,0.5799999999999997,0.7956666666666666,0.7082945833066578,0.5370506236243581,0.5516201959306707,0.5442379182156134,0.13503102931735503,0.4483798040693293,732,631,4042,595
Tuned XGBoost,0.5899999999999997,0.7995,0.7072482317973783,0.5471841704718418,0.5418236623963828,0.544490723210905,0.12732719880162635,0.4581763376036172,719,595,4078,608
Tuned XGBoost,0.5999999999999998,0.802,0.7061552754354853,0.5543393275996873,0.5342878673700076,0.5441289332310054,0.12197731649903702,0.46571213262999245,709,570,4103,618
Tuned XGBoost,0.6099999999999998,0.8028333333333333,0.7031829662972735,0.5576923076923077,0.5244913338357197,0.5405825242718446,0.1181254012411727,0.47550866616428034,696,552,4121,631
Tuned XGBoost,0.6199999999999998,0.8055,0.7019272154761653,0.5661157024793388,0.5162019593067069,0.5400078833267639,0.1123475283543762,0.48379804069329313,685,525,4148,642
Tuned XGBoost,0.6299999999999997,0.8081666666666667,0.6993225041287223,0.5757314974182444,0.5041446872645065,0.5375652872639615,0.10549967900706185,0.4958553127354936,669,493,4180,658
Tuned XGBoost,0.6399999999999997,0.8096666666666666,0.6959688092589167,0.5825156110615521,0.492087415222306,0.5334967320261438,0.10014979670447251,0.5079125847776941,653,468,4205,674
Tuned XGBoost,0.6499999999999997,0.8103333333333333,0.6910009577377844,0.5877437325905293,0.4770158251695554,0.5266222961730449,0.09501390969398674,0.5229841748304446,633,444,4229,694
Tuned XGBoost,0.6599999999999997,0.8121666666666667,0.6875914660548154,0.5968992248062015,0.4642049736247174,0.5222551928783383,0.08902204151508666,0.5357950263752826,616,416,4257,711
Tuned XGBoost,0.6699999999999997,0.815,0.6845541681428902,0.6108273748723186,0.4506405425772419,0.5186470078057241,0.08153220629146159,0.549359457422758,598,381,4292,729
Tuned XGBoost,0.6799999999999997,0.8158333333333333,0.6807724826888775,0.6178343949044586,0.4385832705350414,0.5130013221683561,0.07703830515728655,0.5614167294649586,582,360,4313,745
Tuned XGBoost,0.6899999999999997,0.8166666666666667,0.6767210051295978,0.6256921373200443,0.42577241899020346,0.5067264573991032,0.07233040873100792,0.5742275810097965,565,338,4335,762
Tuned XGBoost,0.6999999999999996,0.8165,0.6714879574834733,0.6304849884526559,0.4114544084400904,0.49794801641586867,0.0684784934731436,0.5885455915599096,546,320,4353,781
