mean_fit_time,std_fit_time,mean_score_time,std_score_time,param_classifier__subsample,param_classifier__reg_lambda,param_classifier__reg_alpha,param_classifier__n_estimators,param_classifier__min_child_weight,param_classifier__max_depth,param_classifier__learning_rate,param_classifier__gamma,param_classifier__colsample_bytree,params,split0_test_score,split1_test_score,split2_test_score,split3_test_score,split4_test_score,mean_test_score,std_test_score,rank_test_score,split0_train_score,split1_train_score,split2_train_score,split3_train_score,split4_train_score,mean_train_score,std_train_score
4.884746360778808,0.0780546944611315,0.07408928871154785,0.019112782500292715,0.7,2,0.01,200,1,6,0.02,0.3,0.9,"{'classifier__subsample': 0.7, 'classifier__reg_lambda': 2, 'classifier__reg_alpha': 0.01, 'classifier__n_estimators': 200, 'classifier__min_child_weight': 1, 'classifier__max_depth': 6, 'classifier__learning_rate': 0.02, 'classifier__gamma': 0.3, 'classifier__colsample_bytree': 0.9}",0.5710354476239851,0.576433076764801,0.5576473924825187,0.5583483231651636,0.5675227769572093,0.5661974033987356,0.007275205061470519,1,0.6779154969921798,0.6790137869991048,0.6791504231859727,0.6811068809011698,0.6805118404070077,0.6795396856970869,0.0011373011281070372
3.8069343090057375,0.06650470771200956,0.0657742977142334,0.015464336859057527,0.7,2,1.0,200,3,6,0.02,0.5,0.7,"{'classifier__subsample': 0.7, 'classifier__reg_lambda': 2, 'classifier__reg_alpha': 1, 'classifier__n_estimators': 200, 'classifier__min_child_weight': 3, 'classifier__max_depth': 6, 'classifier__learning_rate': 0.02, 'classifier__gamma': 0.5, 'classifier__colsample_bytree': 0.7}",0.5725012600795991,0.5736648980109655,0.5586796916414513,0.5544261707696504,0.5687729600463246,0.5656089961095982,0.007687423090549809,2,0.6645432861537679,0.6653429765280604,0.6650593367351246,0.6694508179132577,0.6680782770759527,0.6664949388812327,0.0019204738917507397
2.954828405380249,0.05686021099343935,0.054117441177368164,0.003794575080894576,1.0,2,0.1,300,7,4,0.05,0.1,0.9,"{'classifier__subsample': 1.0, 'classifier__reg_lambda': 2, 'classifier__reg_alpha': 0.1, 'classifier__n_estimators': 300, 'classifier__min_child_weight': 7, 'classifier__max_depth': 4, 'classifier__learning_rate': 0.05, 'classifier__gamma': 0.1, 'classifier__colsample_bytree': 0.9}",0.5675404107718554,0.5752656531150798,0.5587757876769884,0.5585074266910104,0.5658183373370637,0.5651815231183994,0.006216696401918065,3,0.6553237380679362,0.6540382076822665,0.6519080582707297,0.6559148822325709,0.6573687076024111,0.6549107187711829,0.0018437941301774141
5.234378433227539,0.06256562235790503,0.08649168014526368,0.009798249304528632,1.0,10,1.0,500,1,4,0.02,0.1,1.0,"{'classifier__subsample': 1.0, 'classifier__reg_lambda': 10, 'classifier__reg_alpha': 1, 'classifier__n_estimators': 500, 'classifier__min_child_weight': 1, 'classifier__max_depth': 4, 'classifier__learning_rate': 0.02, 'classifier__gamma': 0.1, 'classifier__colsample_bytree': 1.0}",0.5679782096835011,0.5763804221318761,0.5585530098716253,0.5589658628680441,0.5639757610700138,0.5651706531250121,0.006591838687369765,4,0.6239645202245555,0.6256853510923214,0.6246933264052306,0.6298322518660648,0.6273404108318127,0.626303172083997,0.0020963237696041814
2.5819142341613768,0.06309407455669684,0.06553587913513184,0.010645045028826999,0.8,2,0.1,200,7,4,0.05,0.0,1.0,"{'classifier__subsample': 0.8, 'classifier__reg_lambda': 2, 'classifier__reg_alpha': 0.1, 'classifier__n_estimators': 200, 'classifier__min_child_weight': 7, 'classifier__max_depth': 4, 'classifier__learning_rate': 0.05, 'classifier__gamma': 0, 'classifier__colsample_bytree': 1.0}",0.5695066752703747,0.574203999287479,0.558174220592074,0.5544294546646348,0.5676613343133398,0.5647951368255805,0.007351520574893226,5,0.6344478141150589,0.6343597333515374,0.6326478640411696,0.6377095145073727,0.6367809691872383,0.6351891790404754,0.0018210859818396305
4.549627733230591,0.06164524219843442,0.08364214897155761,0.01790986589969367,0.9,1,0.0,500,1,3,0.02,0.3,0.7,"{'classifier__subsample': 0.9, 'classifier__reg_lambda': 1, 'classifier__reg_alpha': 0, 'classifier__n_estimators': 500, 'classifier__min_child_weight': 1, 'classifier__max_depth': 3, 'classifier__learning_rate': 0.02, 'classifier__gamma': 0.3, 'classifier__colsample_bytree': 0.7}",0.567485687311788,0.5765629318447553,0.5492080793004895,0.553159966901762,0.5680339304607795,0.5628901191639148,0.010162656402081964,6,0.6008330809780109,0.6008559713248874,0.6027731231313423,0.6039786628833057,0.6027319416843808,0.6022345560003854,0.001220162598844774
8.742327642440795,0.24715597592662117,0.1393587112426758,0.032089136553285234,1.0,1,1.0,500,3,6,0.02,0.5,0.8,"{'classifier__subsample': 1.0, 'classifier__reg_lambda': 1, 'classifier__reg_alpha': 1, 'classifier__n_estimators': 500, 'classifier__min_child_weight': 3, 'classifier__max_depth': 6, 'classifier__learning_rate': 0.02, 'classifier__gamma': 0.5, 'classifier__colsample_bytree': 0.8}",0.5643272660483226,0.5673685341828099,0.5528666098020854,0.5633704237098698,0.5589805772766524,0.5613826822039479,0.0050347931726986575,7,0.7439561456631354,0.747144459271122,0.7460712371160229,0.7511495856937396,0.7526324139789212,0.7481907683445882,0.003224965755073521
3.0136071681976317,0.09718402949577723,0.06174836158752441,0.00890977346087165,1.0,1,0.1,300,1,4,0.08,0.0,0.9,"{'classifier__subsample': 1.0, 'classifier__reg_lambda': 1, 'classifier__reg_alpha': 0.1, 'classifier__n_estimators': 300, 'classifier__min_child_weight': 1, 'classifier__max_depth': 4, 'classifier__learning_rate': 0.08, 'classifier__gamma': 0, 'classifier__colsample_bytree': 0.9}",0.5600673915431127,0.5669100528059761,0.5557163136620845,0.5630213550102684,0.5607213468993567,0.5612872919841597,0.003673327217332571,8,0.7012339512311611,0.7031613081362503,0.6999960396734554,0.7066703580028447,0.7052266517133557,0.7032576617514135,0.002460336726674682
4.010938453674316,0.08535159518898988,0.07675228118896485,0.01118065229759429,1.0,5,1.0,500,7,3,0.02,0.1,0.8,"{'classifier__subsample': 1.0, 'classifier__reg_lambda': 5, 'classifier__reg_alpha': 1, 'classifier__n_estimators': 500, 'classifier__min_child_weight': 7, 'classifier__max_depth': 3, 'classifier__learning_rate': 0.02, 'classifier__gamma': 0.1, 'classifier__colsample_bytree': 0.8}",0.5666177448441927,0.5761573416214661,0.5493226141310114,0.5460894954909048,0.5673567706718501,0.5611087933518851,0.011492065967620525,9,0.5950310027674138,0.5950934402499115,0.5960053397029534,0.5995450272144012,0.5976486275782923,0.5966646875025945,0.0017226130263000104
5.795797634124756,0.09167774151825525,0.09097199440002442,0.013924776915044637,1.0,5,0.0,700,3,3,0.02,0.1,0.9,"{'classifier__subsample': 1.0, 'classifier__reg_lambda': 5, 'classifier__reg_alpha': 0, 'classifier__n_estimators': 700, 'classifier__min_child_weight': 3, 'classifier__max_depth': 3, 'classifier__learning_rate': 0.02, 'classifier__gamma': 0.1, 'classifier__colsample_bytree': 0.9}",0.5640817078308058,0.5740666303400814,0.5499940516663732,0.5476383233991543,0.5674954365366053,0.5606552299546039,0.010212692258037467,10,0.6039124231290045,0.6061176270325199,0.6059451818227084,0.6086375767671572,0.6072116791956793,0.6063648975894138,0.0015578218618151284
2.4565442562103272,0.08507671667772328,0.05445995330810547,0.007109522079105767,0.8,1,0.0,200,7,4,0.1,0.0,1.0,"{'classifier__subsample': 0.8, 'classifier__reg_lambda': 1, 'classifier__reg_alpha': 0, 'classifier__n_estimators': 200, 'classifier__min_child_weight': 7, 'classifier__max_depth': 4, 'classifier__learning_rate': 0.1, 'classifier__gamma': 0, 'classifier__colsample_bytree': 1.0}",0.5665601667016322,0.5721734766751339,0.5575879905429559,0.5452174066876789,0.5517122272409977,0.5586502535696798,0.009748336025657214,11,0.6767697369540633,0.6786846301845134,0.6769671514540989,0.6771168643118624,0.6832098588741228,0.6785496483557322,0.00242738679767594
6.1981829643249515,0.10237150067014932,0.09263982772827148,0.014289486181960657,0.9,5,0.0,700,3,3,0.05,0.0,0.8,"{'classifier__subsample': 0.9, 'classifier__reg_lambda': 5, 'classifier__reg_alpha': 0, 'classifier__n_estimators': 700, 'classifier__min_child_weight': 3, 'classifier__max_depth': 3, 'classifier__learning_rate': 0.05, 'classifier__gamma': 0, 'classifier__colsample_bytree': 0.8}",0.5641916873333856,0.5688885971949117,0.5498739062346473,0.5490637032596901,0.5593039946984298,0.5582643777442129,0.0077992341218478915,12,0.6550095721161772,0.6540896234873462,0.6531685515172225,0.6535654192185018,0.6570889082667318,0.6545844149211959,0.0013957854808035013
4.658833932876587,0.21937412699095546,0.06915669441223145,0.003963581134487278,1.0,10,1.0,700,7,3,0.05,0.5,0.8,"{'classifier__subsample': 1.0, 'classifier__reg_lambda': 10, 'classifier__reg_alpha': 1, 'classifier__n_estimators': 700, 'classifier__min_child_weight': 7, 'classifier__max_depth': 3, 'classifier__learning_rate': 0.05, 'classifier__gamma': 0.5, 'classifier__colsample_bytree': 0.8}",0.5622254732578982,0.5641121385428941,0.5508756650523492,0.5510303817841631,0.561792687780131,0.5580072692834872,0.005812552016571239,13,0.6401943310180974,0.641787237386572,0.6389775434591228,0.6446101226433998,0.6428394697070101,0.6416817408428405,0.0019724075182560685
2.076596403121948,0.04768284437208182,0.05787334442138672,0.006623562978233118,0.7,2,0.01,200,3,3,0.08,0.5,0.9,"{'classifier__subsample': 0.7, 'classifier__reg_lambda': 2, 'classifier__reg_alpha': 0.01, 'classifier__n_estimators': 200, 'classifier__min_child_weight': 3, 'classifier__max_depth': 3, 'classifier__learning_rate': 0.08, 'classifier__gamma': 0.5, 'classifier__colsample_bytree': 0.9}",0.5611692697005978,0.5741520740358792,0.5504169390599444,0.5470762504809932,0.5571925342064401,0.5580014134967709,0.009470130663176226,14,0.6127973168186195,0.6147611815170199,0.6155388746146178,0.6148249024130067,0.6183674275850057,0.6152579405896539,0.0018020429674068467
5.819105958938598,0.3586840876633748,0.09296698570251465,0.028568823885609235,0.7,10,0.01,300,7,6,0.05,0.3,0.8,"{'classifier__subsample': 0.7, 'classifier__reg_lambda': 10, 'classifier__reg_alpha': 0.01, 'classifier__n_estimators': 300, 'classifier__min_child_weight': 7, 'classifier__max_depth': 6, 'classifier__learning_rate': 0.05, 'classifier__gamma': 0.3, 'classifier__colsample_bytree': 0.8}",0.5651064850904258,0.5658249021810127,0.551347617597749,0.5551309602419634,0.5476634321071996,0.5570146794436701,0.007296672639644403,15,0.7502874116473288,0.7509024936453422,0.750836655319577,0.753619655099684,0.7534459688194975,0.7518184369062859,0.001417048523769317
8.019367790222168,0.2861983079018204,0.1066634178161621,0.01740235024894227,0.7,10,1.0,500,5,5,0.05,0.1,0.8,"{'classifier__subsample': 0.7, 'classifier__reg_lambda': 10, 'classifier__reg_alpha': 1, 'classifier__n_estimators': 500, 'classifier__min_child_weight': 5, 'classifier__max_depth': 5, 'classifier__learning_rate': 0.05, 'classifier__gamma': 0.1, 'classifier__colsample_bytree': 0.8}",0.5607074167634413,0.565612119984864,0.5503356406594624,0.5557759146610927,0.5507789694049379,0.5566420122947597,0.005863208434082173,16,0.7532272982194591,0.7521551123081499,0.7540174660835479,0.7568103513094737,0.7592199164112454,0.7550860288663752,0.002578731937651305
4.164691495895386,0.08568674970970053,0.06085944175720215,0.00602800974303824,0.9,5,1.0,200,1,6,0.08,0.5,0.8,"{'classifier__subsample': 0.9, 'classifier__reg_lambda': 5, 'classifier__reg_alpha': 1, 'classifier__n_estimators': 200, 'classifier__min_child_weight': 1, 'classifier__max_depth': 6, 'classifier__learning_rate': 0.08, 'classifier__gamma': 0.5, 'classifier__colsample_bytree': 0.8}",0.5658946398014648,0.5629725999937293,0.5534290455707632,0.5525829072737044,0.5438792191577073,0.5557516823594737,0.007891924946735195,17,0.803232556629756,0.8073599587456625,0.7983453533289523,0.8056554761734724,0.8076445979294847,0.8044475885614656,0.003431481863575597
5.531509351730347,0.2925010730507409,0.05875692367553711,0.015340629665948466,1.0,5,0.01,700,3,5,0.05,0.3,0.8,"{'classifier__subsample': 1.0, 'classifier__reg_lambda': 5, 'classifier__reg_alpha': 0.01, 'classifier__n_estimators': 700, 'classifier__min_child_weight': 3, 'classifier__max_depth': 5, 'classifier__learning_rate': 0.05, 'classifier__gamma': 0.3, 'classifier__colsample_bytree': 0.8}",0.5541118978665173,0.5553902269104964,0.555687337271494,0.5538146982574822,0.5528323123525598,0.55436729453171,0.0010503012782641776,18,0.8089873191027049,0.8214077761984531,0.8058987511351028,0.8157936313457349,0.8134714850356698,0.8131117925635332,0.0053885847933649745
4.701622772216797,0.06739906124018313,0.08243656158447266,0.009646106258676613,1.0,2,0.01,500,5,4,0.08,0.1,1.0,"{'classifier__subsample': 1.0, 'classifier__reg_lambda': 2, 'classifier__reg_alpha': 0.01, 'classifier__n_estimators': 500, 'classifier__min_child_weight': 5, 'classifier__max_depth': 4, 'classifier__learning_rate': 0.08, 'classifier__gamma': 0.1, 'classifier__colsample_bytree': 1.0}",0.556896892744609,0.5586164460131938,0.550014891550314,0.5546726237482056,0.5460927774867275,0.55325872630861,0.004600300161415099,19,0.747738612401451,0.7529502159489655,0.7446610635823233,0.7515624445005191,0.7524612153904815,0.7498747103647482,0.0031856621490808966
7.096838092803955,0.18876773060311022,0.09575591087341309,0.02874935311748511,0.9,5,0.1,300,1,6,0.08,0.0,1.0,"{'classifier__subsample': 0.9, 'classifier__reg_lambda': 5, 'classifier__reg_alpha': 0.1, 'classifier__n_estimators': 300, 'classifier__min_child_weight': 1, 'classifier__max_depth': 6, 'classifier__learning_rate': 0.08, 'classifier__gamma': 0, 'classifier__colsample_bytree': 1.0}",0.5635274495542909,0.5516699526723106,0.5499033680305867,0.5528828217432574,0.5447249399233159,0.5525417063847524,0.006158336372653343,20,0.8813198736706249,0.8849686492536032,0.8765152135168975,0.8835678780075815,0.8879021501924673,0.882854752928235,0.003820966853546903
4.6229798793792725,0.17548826804974585,0.09029946327209473,0.025158215358087436,1.0,2,0.0,300,1,5,0.1,0.1,0.8,"{'classifier__subsample': 1.0, 'classifier__reg_lambda': 2, 'classifier__reg_alpha': 0, 'classifier__n_estimators': 300, 'classifier__min_child_weight': 1, 'classifier__max_depth': 5, 'classifier__learning_rate': 0.1, 'classifier__gamma': 0.1, 'classifier__colsample_bytree': 0.8}",0.5551333692733479,0.5537893323999649,0.5432128245584549,0.5513423299423138,0.5486763737073453,0.5504308459762853,0.004228521386218152,21,0.8125130813125717,0.8205557432097351,0.8092159109138495,0.8208697598770578,0.8229085100142366,0.8172126010654901,0.005348407763278357
5.114012050628662,0.18503499359301057,0.0820455551147461,0.010376843589783469,0.9,2,0.1,300,5,6,0.08,0.3,0.7,"{'classifier__subsample': 0.9, 'classifier__reg_lambda': 2, 'classifier__reg_alpha': 0.1, 'classifier__n_estimators': 300, 'classifier__min_child_weight': 5, 'classifier__max_depth': 6, 'classifier__learning_rate': 0.08, 'classifier__gamma': 0.3, 'classifier__colsample_bytree': 0.7}",0.5560094008734601,0.5564511666447142,0.5464306844447377,0.5481049767805428,0.5432714899444188,0.5500535437375746,0.005278637880742052,22,0.855933400412929,0.8614279610786646,0.8543175832126152,0.8552968616182338,0.860043036085072,0.8574037684815028,0.002803049690739436
6.707083749771118,0.1933998980152795,0.09594812393188476,0.016611624607537952,1.0,2,0.01,300,3,7,0.08,0.5,1.0,"{'classifier__subsample': 1.0, 'classifier__reg_lambda': 2, 'classifier__reg_alpha': 0.01, 'classifier__n_estimators': 300, 'classifier__min_child_weight': 3, 'classifier__max_depth': 7, 'classifier__learning_rate': 0.08, 'classifier__gamma': 0.5, 'classifier__colsample_bytree': 1.0}",0.543981850744713,0.5498998699486293,0.5421137238052967,0.5423133322065283,0.5383747998264784,0.5433367153063291,0.003759117582687257,23,0.9295849450915669,0.9183047284469095,0.9302934891336271,0.9382369564579758,0.9275489005585221,0.9287938039377203,0.006381513591749321
13.133697986602783,0.22033201163309504,0.14390830993652343,0.01571136566408838,0.7,1,0.1,500,1,7,0.05,0.3,0.9,"{'classifier__subsample': 0.7, 'classifier__reg_lambda': 1, 'classifier__reg_alpha': 0.1, 'classifier__n_estimators': 500, 'classifier__min_child_weight': 1, 'classifier__max_depth': 7, 'classifier__learning_rate': 0.05, 'classifier__gamma': 0.3, 'classifier__colsample_bytree': 0.9}",0.54333444161796,0.5454304025635609,0.543817867361937,0.5495836782926704,0.5332691085437061,0.5430870996759669,0.005379307603517276,24,0.9793230322089015,0.9775222192362911,0.9751560043430094,0.9770002040778157,0.9762129510128003,0.9770428821757635,0.001391385158915757
14.380793142318726,0.3261970138793637,0.19343986511230468,0.034148259630097655,1.0,5,0.1,700,3,7,0.05,0.1,0.9,"{'classifier__subsample': 1.0, 'classifier__reg_lambda': 5, 'classifier__reg_alpha': 0.1, 'classifier__n_estimators': 700, 'classifier__min_child_weight': 3, 'classifier__max_depth': 7, 'classifier__learning_rate': 0.05, 'classifier__gamma': 0.1, 'classifier__colsample_bytree': 0.9}",0.5497448190194465,0.5471530778932809,0.5375457539041543,0.5437369784161816,0.5291400735298617,0.541464140552585,0.007393724606709165,25,0.9590211407178585,0.9616632361879723,0.9578854795268846,0.9606953316626277,0.9626332189798585,0.9603796814150403,0.0017258189577556533
7.97181806564331,0.08796215212785202,0.10139989852905273,0.029297577167285267,0.8,5,1.0,300,1,7,0.08,0.3,0.8,"{'classifier__subsample': 0.8, 'classifier__reg_lambda': 5, 'classifier__reg_alpha': 1, 'classifier__n_estimators': 300, 'classifier__min_child_weight': 1, 'classifier__max_depth': 7, 'classifier__learning_rate': 0.08, 'classifier__gamma': 0.3, 'classifier__colsample_bytree': 0.8}",0.544884119529459,0.5419705922080251,0.5411910551249499,0.5467586560392462,0.5283299231003377,0.5406268692004036,0.006466247302227788,26,0.9537788159215677,0.9510585697516571,0.9476391853942387,0.9490236747631345,0.9476446151435071,0.9498289721948211,0.0023378734581070604
8.595157146453857,0.15529617492952327,0.1221707820892334,0.016573783643283255,1.0,5,0.1,700,5,5,0.08,0.0,1.0,"{'classifier__subsample': 1.0, 'classifier__reg_lambda': 5, 'classifier__reg_alpha': 0.1, 'classifier__n_estimators': 700, 'classifier__min_child_weight': 5, 'classifier__max_depth': 5, 'classifier__learning_rate': 0.08, 'classifier__gamma': 0, 'classifier__colsample_bytree': 1.0}",0.5509388630145121,0.5458423786399774,0.5358633936841278,0.5421437597061862,0.5281928472755523,0.5405962484640712,0.007913666963139198,27,0.8822485870988578,0.8899060002488536,0.8829583954561941,0.8866184326684788,0.8909561361224572,0.8865375103189683,0.003523704085605954
8.103789520263671,0.19685355929235387,0.10859684944152832,0.048057338447139386,0.9,2,0.1,300,1,7,0.1,0.1,0.8,"{'classifier__subsample': 0.9, 'classifier__reg_lambda': 2, 'classifier__reg_alpha': 0.1, 'classifier__n_estimators': 300, 'classifier__min_child_weight': 1, 'classifier__max_depth': 7, 'classifier__learning_rate': 0.1, 'classifier__gamma': 0.1, 'classifier__colsample_bytree': 0.8}",0.5382190864445515,0.5417138670707746,0.5345860277912348,0.5455938542955838,0.5258670326124163,0.5371959736429122,0.006740018434812459,28,0.98405789195643,0.9841335670919334,0.9848668769017844,0.9852768617042034,0.9804585524945972,0.9837587500297896,0.0017119512676514158
10.852673053741455,0.18510521294827226,0.12594728469848632,0.0077279319078246145,0.8,1,0.0,500,3,7,0.08,0.1,0.9,"{'classifier__subsample': 0.8, 'classifier__reg_lambda': 1, 'classifier__reg_alpha': 0, 'classifier__n_estimators': 500, 'classifier__min_child_weight': 3, 'classifier__max_depth': 7, 'classifier__learning_rate': 0.08, 'classifier__gamma': 0.1, 'classifier__colsample_bytree': 0.9}",0.5406533258041656,0.5384883869301993,0.5333736978371878,0.5327219956298214,0.5242857539212565,0.533904632024526,0.005670255949876534,29,0.9940665061031378,0.993338818621903,0.9929798755006657,0.9929185676848031,0.9921573023447382,0.9930922140510496,0.000620788486706892
12.948085260391235,0.2821584447324772,0.15522189140319825,0.0030921199497980236,0.8,10,0.01,500,3,7,0.1,0.5,1.0,"{'classifier__subsample': 0.8, 'classifier__reg_lambda': 10, 'classifier__reg_alpha': 0.01, 'classifier__n_estimators': 500, 'classifier__min_child_weight': 3, 'classifier__max_depth': 7, 'classifier__learning_rate': 0.1, 'classifier__gamma': 0.5, 'classifier__colsample_bytree': 1.0}",0.5328996910457341,0.5341869486360811,0.5282816375620202,0.5307865048298916,0.5152226171531312,0.5282754798453717,0.006826584817343573,30,0.9910897784810002,0.9915774250945538,0.9909156382428518,0.9912351042941049,0.9916226920556471,0.9912881276336316,0.00027441886979663057
