Mean Predicted Probability,Observed Default Rate,Calibration Error
0.09507845821971313,0.05972045743329098,-0.03535800078642215
0.13326333033775478,0.13758693680072573,0.004323606462970947
0.2412544425312825,0.2541899441340782,0.01293550160279569
0.3437406891457902,0.35093167701863354,0.007190987872843335
0.44676734400369733,0.4827586206896552,0.03599127668595786
0.5467464093881359,0.4785276073619632,-0.0682188020261727
0.6552800969117087,0.6861702127659575,0.030890115854248723
0.7533309831784518,0.6877828054298643,-0.06554817774858757
0.8256220992904597,0.7849462365591398,-0.040675862731319956
