Threshold,F1,Balanced Accuracy,Precision,Recall
0.05,0.4093319194061506,0.5947808882964092,0.26416643854366273,0.908662900188324
0.06,0.42084257206208425,0.6125288304873145,0.27523201856148494,0.8935969868173258
0.07,0.4308473793581159,0.626798977065593,0.28540838176812483,0.8785310734463276
0.08,0.4408005787316132,0.6399242170047731,0.2962722852512156,0.8606403013182674
0.09,0.4482412060301508,0.6489618001710936,0.30568882796435914,0.839924670433145
0.1,0.4575607208148342,0.6594866283973121,0.31658836284784964,0.8248587570621468
0.11,0.46525515743756785,0.6673951749175516,0.32684973302822273,0.8069679849340866
0.12,0.4766751484308736,0.6785940999900246,0.3406060606060606,0.7937853107344632
0.13,0.48096074985354426,0.6817461828888224,0.34906462585034015,0.7730696798493408
0.14,0.48558421851289835,0.6849677914713146,0.3582624272279445,0.7532956685499058
0.15,0.48713119899560575,0.6850380728689622,0.3653483992467043,0.7306967984934086
0.16,0.4944841012329656,0.6904852590436289,0.37722772277227723,0.7175141242937854
0.17,0.49781365623948876,0.6917646827663968,0.3872318158032444,0.696798493408663
0.18,0.49965108164689465,0.6915674414246116,0.3968957871396896,0.6741996233521658
0.19,0.5091299677765844,0.69830916560111,0.41074523396880414,0.6694915254237288
0.2,0.5132939438700148,0.7000057434260443,0.4222357229647631,0.6544256120527306
0.21,0.5141562853907135,0.6994336679634718,0.42911153119092627,0.6412429378531074
0.22,0.5145067698259188,0.6983212570243612,0.4366382140512147,0.6261770244821092
0.23,0.5128205128205128,0.6959407580717807,0.4412763068567549,0.6120527306967984
0.24,0.5163636363636364,0.6973161574666049,0.45222929936305734,0.6016949152542372
0.25,0.5150143973673386,0.6953422326208463,0.4572680788897005,0.5894538606403014
0.26,0.5167019027484143,0.6951019155837286,0.4689178818112049,0.5753295668549906
0.27,0.5137457044673539,0.6921916611499548,0.47235387045813587,0.5630885122410546
0.28,0.5186485300570426,0.6945139701281389,0.485620377978636,0.556497175141243
0.29,0.5186516853932585,0.6932730878169842,0.4961306964746346,0.5433145009416196
0.3,0.5232183908045978,0.6951245870023246,0.5112309074573226,0.5357815442561206
0.31,0.525922466137319,0.6960450465973224,0.5217794253938832,0.5301318267419962
0.32,0.5251661918328585,0.6946809829117961,0.5296934865900383,0.5207156308851224
0.33,0.5163175840233805,0.687865198767884,0.5348133198789102,0.4990583804143126
0.34,0.5158730158730159,0.6867686578217906,0.5450733752620545,0.4896421845574388
0.35,0.5137982940291018,0.6850086000247874,0.5499462943071965,0.4821092278719397
0.36,0.5127161749745677,0.6837835877066499,0.5575221238938053,0.4745762711864407
0.37,0.512846865364851,0.6834359592881779,0.5644796380090498,0.4698681732580038
0.38,0.5106826472120897,0.6816063758074804,0.5717619603267211,0.4613935969868173
0.39,0.5071164997364259,0.6791079854782007,0.5760479041916168,0.4529190207156309
0.4,0.5058697972251868,0.6779524988437576,0.583743842364532,0.4463276836158192
0.41,0.4994606256742179,0.6739774434499248,0.5845959595959596,0.435969868173258
0.42,0.49644614543466375,0.6718803372297946,0.5919165580182529,0.4274952919020716
0.43,0.4911111111111111,0.6685045630008495,0.5989159891598916,0.416195856873823
0.44,0.48758465011286684,0.6662041697273082,0.6084507042253521,0.4067796610169492
0.45,0.4877492877492878,0.666059828362247,0.6176046176046176,0.4030131826741996
0.46,0.48303622771707877,0.6633634409772289,0.620384047267356,0.3954802259887006
0.47,0.47134502923976607,0.6569648109354832,0.6219135802469136,0.3794726930320151
0.48,0.465005931198102,0.6535248010205161,0.6282051282051282,0.3691148775894539
0.49,0.46080191502094553,0.6512992234283417,0.632183908045977,0.3625235404896422
0.5,0.4577294685990338,0.6496782169987274,0.6380471380471381,0.3568738229755179
0.51,0.45676004872107184,0.6491325915245169,0.646551724137931,0.3531073446327684
0.52,0.4481276856967465,0.6448257777052292,0.6437389770723104,0.3436911487758945
0.53,0.43586550435865506,0.6388337217703053,0.6433823529411765,0.3295668549905838
0.54,0.434235368156073,0.638084809242684,0.6546489563567363,0.3248587570621469
0.55,0.42612555485098286,0.63424880521624,0.6524271844660194,0.3163841807909605
0.56,0.421455938697318,0.63209275330776,0.6547619047619048,0.3107344632768362
0.57,0.4180645161290323,0.6306055082478621,0.6639344262295082,0.3050847457627119
0.58,0.4127604166666667,0.6282461692859712,0.6687763713080169,0.2984934086629002
0.59,0.4078688524590164,0.6260901173774912,0.67170626349892,0.2928436911487759
0.6,0.40343915343915343,0.6242015882084441,0.6777777777777778,0.2871939736346516
0.61,0.3935957304869913,0.6198947743891564,0.6750572082379863,0.2777777777777778
0.62,0.3830074173971679,0.6153846735164579,0.6745843230403801,0.2674199623352166
0.63,0.37474541751527496,0.6118857179131413,0.6715328467153284,0.2598870056497175
0.64,0.3633860977288369,0.6073060913567484,0.6751918158567775,0.24858757062146894
0.65,0.3535142658315936,0.60340056164661,0.6773333333333333,0.2391713747645951
0.66,0.3480701754385965,0.6013782711078464,0.6831955922865014,0.2335216572504708
0.67,0.3385269121813031,0.5976760284511189,0.6828571428571428,0.22504708097928436
0.68,0.3373665480427046,0.5974032157140137,0.6909620991253644,0.2231638418079096
0.69,0.32805755395683456,0.593968495796719,0.6951219512195121,0.21468926553672316
0.7,0.3170909090909091,0.5899292047168642,0.6964856230031949,0.20527306967984935
0.71,0.30961115187087307,0.5873023430155405,0.7009966777408638,0.19868173258003766
0.72,0.2948148148148148,0.5817863868711326,0.6909722222222222,0.1873822975517891
0.73,0.28378378378378377,0.5781483799004271,0.7,0.17796610169491525
0.74,0.27617602427921095,0.5757890409385362,0.7109375,0.1713747645951036
0.75,0.2588597842835131,0.5700002720570232,0.711864406779661,0.15819209039548024
0.76,0.25116279069767444,0.5674429360393939,0.7105263157894737,0.15254237288135594
0.77,0.2419984387197502,0.5644147902289209,0.7077625570776256,0.14595103578154425
0.78,0.2276679841897233,0.5599046893562224,0.7093596059113301,0.13559322033898305
0.79,0.21797931583134447,0.556742782176033,0.7025641025641025,0.12900188323917136
0.8,0.2057877813504823,0.5530405395193054,0.7032967032967034,0.12052730696798493
0.81,0.18181818181818182,0.5458393412592613,0.6981132075471698,0.10451977401129943
0.82,0.16708023159636062,0.5413987660702573,0.6870748299319728,0.0951035781544256
0.83,0.1574539363484087,0.5391731884780828,0.7121212121212122,0.08851224105461393
0.84,0.14839797639123103,0.5366158524604535,0.7096774193548387,0.08286252354048965
0.85,0.13435374149659865,0.5325123256945767,0.6929824561403509,0.0743879472693032
0.86,0.1223083548664944,0.5296821769398421,0.7171717171717171,0.06685499058380415
0.87,0.11265164644714037,0.5269910795524965,0.7065217391304348,0.06120527306967985
0.88,0.09290096406660824,0.5214751234080885,0.6708860759493671,0.04990583804143126
0.89,0.07815275310834814,0.5180404034907939,0.6875,0.04143126177024482
0.9,0.05575539568345324,0.5120536375535424,0.62,0.02919020715630885
0.91,0.04181818181818182,0.5088222046896584,0.6052631578947368,0.021657250470809793
0.92,0.040145985401459854,0.5087526790059641,0.6470588235294118,0.02071563088512241
0.93,0.029438822447102116,0.5063291043580512,0.64,0.015065913370998116
0.94,0.022201665124884366,0.5047133879261093,0.631578947368421,0.011299435028248588
0.95,0.016713091922005572,0.5034347199172947,0.6,0.00847457627118644
