Threshold,Accuracy,Balanced Accuracy,Precision,Recall,Specificity,NPV,F1,TN,FP,FN,TP
0.05,0.2708333333333333,0.5281082090496948,0.23140641522735284,0.9894498869630746,0.066766531136315,0.9570552147239264,0.3750892729610056,312,4361,14,1313
0.060000000000000005,0.30766666666666664,0.5495963519850039,0.24002207099503403,0.9834212509419744,0.11577145302803338,0.9609236234458259,0.38586635127143704,541,4132,22,1305
0.07,0.34883333333333333,0.5719778889807906,0.25,0.9721175584024114,0.1718382195591697,0.955952380952381,0.3977185139509789,803,3870,37,1290
0.08000000000000002,0.38566666666666666,0.589419150337095,0.25894134477825465,0.9547852298417483,0.2240530708324417,0.94579945799458,0.40739549839228295,1047,3626,60,1267
0.09000000000000001,0.4225,0.6065906195881324,0.2688148788927336,0.9366993217784476,0.27648191739781725,0.938953488372093,0.4177449168207024,1292,3381,84,1243
0.1,0.4673333333333333,0.6297073521654566,0.283329469047067,0.9208741522230596,0.3385405521078536,0.9377593360995851,0.43333333333333335,1582,3091,105,1222
0.11000000000000001,0.5048333333333334,0.6443390988427644,0.2954206072672972,0.8944988696307461,0.3941793280547828,0.929364278506559,0.4441534144059869,1842,2831,140,1187
0.12000000000000001,0.5456666666666666,0.6597618379147732,0.3105875981586786,0.8643556895252449,0.45516798630430133,0.9219765929778934,0.45697211155378487,2127,2546,180,1147
0.13,0.5768333333333333,0.6697880898315791,0.32342657342657344,0.8364732479276563,0.5031029317355018,0.9154984423676013,0.4664845555789031,2351,2322,217,1110
0.14,0.6096666666666667,0.6781863971562332,0.3384272524673671,0.8010550113036925,0.5553177830087738,0.9076600209863589,0.4758281110116383,2595,2078,264,1063
0.15000000000000002,0.6473333333333333,0.6913063888479909,0.36074832333215673,0.7701582516955539,0.612454526000428,0.9036943479633722,0.4913461538461538,2862,1811,305,1022
0.16000000000000003,0.6765,0.6989695005911076,0.38082298136645965,0.7392614920874152,0.6586775090947999,0.8989485981308412,0.5026902382782475,3078,1595,346,981
0.17000000000000004,0.6965,0.7037154549593126,0.39691151919866446,0.7166541070082894,0.6907768029103359,0.8956714761376249,0.5108783239323127,3228,1445,376,951
0.18000000000000005,0.7115,0.7047118957354302,0.40990187332738626,0.6925395629238885,0.716884228546972,0.8914316125598722,0.5149901933314655,3350,1323,408,919
0.19,0.7263333333333334,0.7074898836023649,0.42510699001426533,0.6737000753579503,0.7412796918467793,0.8888888888888888,0.5212827988338192,3464,1209,433,894
0.2,0.7385,0.7088257012377378,0.4389505549949546,0.6556141672946496,0.762037235180826,0.8862618218018915,0.5258386219401632,3561,1112,457,870
0.21000000000000002,0.7503333333333333,0.712105860423143,0.45449707291112296,0.6435568952524491,0.7806548255938369,0.8852220334870177,0.5327510917030568,3648,1025,473,854
0.22000000000000003,0.759,0.7130832722282974,0.4668153931957613,0.6307460437076111,0.7954205007489835,0.8835274542429284,0.5365384615384615,3717,956,490,837
0.23000000000000004,0.7715,0.7181403825242446,0.48702830188679247,0.6224566691785983,0.8138240958698909,0.8835966542750929,0.5464770095931194,3803,870,501,826
0.24000000000000005,0.7796666666666666,0.7174478408649086,0.5015595757953837,0.6058779201205727,0.8290177616092446,0.8810552649533773,0.5488054607508532,3874,799,523,804
0.25000000000000006,0.7843333333333333,0.7134291802174173,0.5108338804990151,0.586284853051997,0.8405735073828375,0.8773732410096047,0.5459649122807018,3928,745,549,778
0.26000000000000006,0.7871666666666667,0.710661674410759,0.516983695652174,0.573474001507159,0.8478493473143591,0.875,0.5437656305823508,3962,711,566,761
0.27,0.791,0.7074569860593436,0.5259417199715707,0.557648831951771,0.8572651401669164,0.8721968212497279,0.5413313825896123,4006,667,587,740
0.28,0.794,0.705875646319805,0.5333822450476889,0.5478522984174831,0.8638989942221271,0.8706059952555532,0.5405204460966543,4037,636,600,727
0.29000000000000004,0.7956666666666666,0.7026289490960513,0.538228614685844,0.5357950263752826,0.86946287181682,0.8683479375935029,0.5370090634441088,4063,610,616,711
0.30000000000000004,0.7985,0.7020197801315289,0.5458786936236392,0.5290128108515448,0.8750267494115129,0.867416207042851,0.5373134328358209,4089,584,625,702
0.31000000000000005,0.8006666666666666,0.7001732442669983,0.5524419535628503,0.5199698568198945,0.8803766317141023,0.8659229635866134,0.5357142857142857,4114,559,637,690
0.32000000000000006,0.8033333333333333,0.6962195723932205,0.5617128463476071,0.5041446872645065,0.8882944575219345,0.8631732168850073,0.5313741064336776,4151,522,658,669
0.33,0.8058333333333333,0.6932380712944587,0.5709281961471103,0.49133383571966843,0.8951423068692489,0.861053931659119,0.5281490481976508,4183,490,675,652
0.34,0.8073333333333333,0.6896145843193862,0.5777979981801638,0.47852298417483047,0.9007061844639418,0.8588043256478269,0.5234954657873042,4209,464,692,635
0.35000000000000003,0.8091666666666667,0.688093637373286,0.5852059925093633,0.47098718914845517,0.9052000855981168,0.8576642335766423,0.5219206680584552,4230,443,702,625
0.36000000000000004,0.8096666666666666,0.6849073329429707,0.5890279114533205,0.4611906556141673,0.908624010271774,0.8558758314855875,0.5173288250211328,4246,427,715,612
0.37000000000000005,0.8086666666666666,0.6785997128560534,0.5892323030907278,0.4453654860587792,0.9118339396533276,0.8527116269761857,0.5072961373390558,4261,412,736,591
0.38000000000000006,0.8108333333333333,0.6783719296231248,0.598159509202454,0.440844009042954,0.9158998502032956,0.8522500995619275,0.5075921908893709,4280,393,742,585
0.39000000000000007,0.8118333333333333,0.6763159944467657,0.6039915966386554,0.43330821401657876,0.9193237748769527,0.8510301109350238,0.5046072838964458,4296,377,752,575
0.4000000000000001,0.8123333333333334,0.6728598979111834,0.6091205211726385,0.42275810097965333,0.9229616948427135,0.8491829100216578,0.4991103202846975,4313,360,766,561
0.4100000000000001,0.8136666666666666,0.6715575422374619,0.6164994425863991,0.4167294649585531,0.9263856195163707,0.8483245149911817,0.4973021582733813,4329,344,774,553
0.42000000000000004,0.8155,0.6705761795018957,0.6264367816091954,0.4107008289374529,0.9304515300663385,0.8475633528265107,0.49613108784706417,4348,325,782,545
0.43000000000000005,0.8153333333333334,0.6669618844873733,0.6295857988165681,0.400904295403165,0.9330194735715814,0.8457807953443259,0.48987108655616945,4360,313,795,532
0.44000000000000006,0.8163333333333334,0.6657153256268151,0.6363636363636364,0.39562923888470236,0.9358014123689279,0.845024154589372,0.4879182156133829,4373,300,802,525
0.45000000000000007,0.8183333333333334,0.6653805447478347,0.6479400749063671,0.3911077618688772,0.9396533276267922,0.8445854972110021,0.48778195488721804,4391,282,808,519
0.4600000000000001,0.8191666666666667,0.6642967803464918,0.6543367346938775,0.386586284853052,0.9420072758399315,0.843941717791411,0.4860255802936997,4402,271,814,513
0.4700000000000001,0.8191666666666667,0.6621384435043559,0.6575520833333334,0.38055764883195176,0.9437192381767601,0.8428899082568807,0.4821002386634845,4410,263,822,505
0.4800000000000001,0.8195,0.6610034782701246,0.6613756613756614,0.37678975131876413,0.9452172052214851,0.8422959572845157,0.4800768122899664,4417,256,827,500
0.49000000000000005,0.8196666666666667,0.6581427627582397,0.6671214188267395,0.36850037678975134,0.947785148726728,0.8408961458135561,0.4747572815533981,4429,244,838,489
0.5000000000000001,0.8193333333333334,0.6557704306240002,0.6689847009735744,0.3624717407686511,0.9490691204793494,0.8398030676008332,0.4701857282502444,4435,238,846,481
0.5100000000000001,0.8183333333333334,0.6527003158002868,0.6676096181046676,0.3556895252449133,0.9497111063556601,0.8384658983563197,0.464110127826942,4438,235,855,472
0.5200000000000001,0.8186666666666667,0.6515653505660555,0.6719424460431654,0.3519216277317257,0.9512090734003852,0.8378887841658812,0.4619188921859545,4445,228,860,467
0.5300000000000001,0.8186666666666667,0.6499465979344535,0.6749633967789166,0.3474001507159005,0.9524930451530066,0.8371261989843897,0.45870646766169154,4451,222,866,461
0.5400000000000001,0.8186666666666667,0.6491372216186526,0.6765140324963073,0.34513941220798794,0.9531350310293174,0.8367461957542739,0.45708582834331335,4454,219,869,458
0.5500000000000002,0.8175,0.6456903170436203,0.6746987951807228,0.33760361718161264,0.9537770169056281,0.8352698650674663,0.4500251130085384,4457,216,879,448
0.5600000000000002,0.817,0.6437505714738632,0.6748091603053435,0.33308214016578747,0.9544190027819388,0.8344246959775491,0.44601412714429867,4460,213,885,442
0.5700000000000002,0.8175,0.6432621880962175,0.6795665634674922,0.3308214016578749,0.9557029745345602,0.8341426970489354,0.4450076026355803,4466,207,888,439
0.5800000000000002,0.8171666666666667,0.6408898559619782,0.6819620253164557,0.32479276563677467,0.9569869462871817,0.8330849478390462,0.4400204185809086,4472,201,896,431
0.5900000000000002,0.8165,0.6372243601145673,0.684640522875817,0.31574981160512433,0.9586989086240103,0.8314773570898293,0.4321815368746777,4480,193,908,419
0.6000000000000002,0.8165,0.6353358153776985,0.6889632107023411,0.31047475508666167,0.9601968756687352,0.8306182895223991,0.4280519480519481,4487,186,915,412
0.6100000000000001,0.8165,0.6320983101144948,0.6968641114982579,0.30143180105501133,0.9627648191739782,0.8291559159601917,0.4208311415044713,4499,174,927,400
0.6200000000000001,0.8161666666666667,0.6286468095591875,0.7028985507246377,0.292388847023361,0.9649047720950139,0.8276431718061674,0.41298563065460353,4509,164,939,388
0.6300000000000001,0.8141666666666667,0.6227763720170274,0.7,0.27957799547852297,0.9659747485555318,0.8252285191956125,0.39956919763058696,4514,159,956,371
0.6400000000000001,0.8146666666666667,0.6209390281130469,0.7103718199608611,0.27354935945742276,0.9683286967686711,0.8243760247768264,0.39499455930359084,4525,148,964,363
0.6500000000000001,0.814,0.617273532265636,0.714867617107943,0.2645064054257724,0.9700406591054996,0.8228353603194772,0.38613861386138615,4533,140,976,351
0.6600000000000001,0.8128333333333333,0.611668290848468,0.7207792207792207,0.2509419743782969,0.972394607318639,0.8205128205128205,0.3722750139742873,4544,129,994,333
0.6700000000000002,0.8128333333333333,0.6089703697957982,0.7307692307692307,0.24340617935192163,0.9745345602396748,0.8193594818279957,0.36517806670435277,4554,119,1004,323
0.6800000000000002,0.8125,0.6052490771352239,0.7416267942583732,0.23360964581763377,0.976888508452814,0.8178072375492655,0.3553008595988539,4565,108,1017,310
0.6900000000000002,0.811,0.6002392167417532,0.743073047858942,0.22230595327807084,0.9781724802054355,0.8158129573442798,0.3422273781902552,4571,102,1032,295
0.7000000000000002,0.809,0.5940989870943262,0.7426273458445041,0.20874152223059533,0.979456451958057,0.8133996801137373,0.32588235294117646,4577,96,1050,277
0.7100000000000002,0.8075,0.5885495424903214,0.7471264367816092,0.19593067068575734,0.9811684142948855,0.8112172682236376,0.31044776119402984,4585,88,1067,260
0.7200000000000002,0.8056666666666666,0.5822465183836792,0.7507788161993769,0.1816126601356443,0.9828803766317141,0.808769149498151,0.2924757281553398,4593,80,1086,241
0.7300000000000002,0.804,0.5765900761336228,0.7542087542087542,0.16880180859080632,0.9843783436764392,0.8065930212169033,0.27586206896551724,4600,73,1103,224
0.7400000000000002,0.8026666666666666,0.5711476291756699,0.7638376383763837,0.15599095704596835,0.9863043013053713,0.8045034037353814,0.2590738423028786,4609,64,1120,207
0.7500000000000002,0.8018333333333333,0.5657563830506053,0.7875,0.14242652599849284,0.9890862401027177,0.8024305555555555,0.2412252712188896,4622,51,1138,189
0.7600000000000002,0.8,0.5583741905228952,0.8097560975609757,0.12509419743782968,0.9916541836079606,0.7996548748921484,0.21671018276762402,4634,39,1161,166
0.7700000000000002,0.7985,0.5514757853925556,0.8470588235294118,0.10851544837980406,0.9944361224053071,0.7970840480274443,0.19238476953907815,4647,26,1183,144
0.7800000000000001,0.7948333333333333,0.540488489810873,0.875,0.08440090429540316,0.9965760753263428,0.7930858310626703,0.15395189003436427,4657,16,1215,112
0.7900000000000001,0.7905,0.5290732036449832,0.8888888888888888,0.06028636021100226,0.9978600470789643,0.7890016920473774,0.11291460832745237,4663,10,1247,80
0.8000000000000002,0.7878333333333334,0.5219653992028152,0.9090909090909091,0.0452147701582517,0.9987160282473786,0.786484664644422,0.08614501076812635,4667,6,1267,60
0.8100000000000002,0.7851666666666667,0.5159367631817149,0.88,0.033157498116051246,0.9987160282473786,0.7843697478991597,0.06390704429920116,4667,6,1283,44
0.8200000000000002,0.7833333333333333,0.5115222838119415,0.8648648648648649,0.024114544084400905,0.9989300235394821,0.7828274358544357,0.0469208211143695,4668,5,1295,32
0.8300000000000002,0.7818333333333334,0.5081311760500726,0.8214285714285714,0.01733232856066315,0.9989300235394821,0.781647689216343,0.03394833948339483,4668,5,1304,23
0.8400000000000002,0.7816666666666666,0.5072148020882199,0.8695652173913043,0.015071590052750565,0.9993580141236893,0.7813284256315878,0.02962962962962963,4670,3,1307,20
0.8500000000000002,0.7811666666666667,0.5058146407289966,0.8888888888888888,0.012057272042200452,0.9995720094157928,0.7808425275827482,0.02379182156133829,4671,2,1311,16
0.8600000000000002,0.7808333333333334,0.5047912691210922,0.9285714285714286,0.009796533534287867,0.9997860047078965,0.7804878048780488,0.019388516032811335,4672,1,1314,13
0.8700000000000002,0.7803333333333333,0.5033911077618689,1.0,0.006782215523737754,1.0,0.7800033383408446,0.01347305389221557,4673,0,1318,9
0.8800000000000002,0.7795,0.5015071590052751,1.0,0.003014318010550113,1.0,0.779352901934623,0.006010518407212622,4673,0,1323,4
0.8900000000000002,0.7791666666666667,0.5007535795026375,1.0,0.0015071590052750565,1.0,0.7790930310103368,0.0030097817908201654,4673,0,1325,2
0.9000000000000002,0.7788333333333334,0.5,0.0,0.0,1.0,0.7788333333333334,0.0,4673,0,1327,0
0.9100000000000003,0.7788333333333334,0.5,0.0,0.0,1.0,0.7788333333333334,0.0,4673,0,1327,0
0.9200000000000003,0.7788333333333334,0.5,0.0,0.0,1.0,0.7788333333333334,0.0,4673,0,1327,0
0.9300000000000002,0.7788333333333334,0.5,0.0,0.0,1.0,0.7788333333333334,0.0,4673,0,1327,0
0.9400000000000002,0.7788333333333334,0.5,0.0,0.0,1.0,0.7788333333333334,0.0,4673,0,1327,0
0.9500000000000002,0.7788333333333334,0.5,0.0,0.0,1.0,0.7788333333333334,0.0,4673,0,1327,0
