Transformed Feature,Importance,Original Feature
num__PAY_0,0.3596854,PAY_0
num__PAY_2,0.15499173,PAY_2
num__PAY_3,0.04372366,PAY_3
num__PAY_4,0.04222854,PAY_4
num__PAY_5,0.034755286,PAY_5
num__PAY_6,0.031917103,PAY_6
num__LIMIT_BAL,0.02211593,LIMIT_BAL
num__PAY_AMT2,0.021944795,PAY_AMT2
num__BILL_AMT1,0.019355912,BILL_AMT1
num__PAY_AMT3,0.01839315,PAY_AMT3
num__PAY_AMT1,0.017907446,PAY_AMT1
num__PAY_AMT6,0.015171071,PAY_AMT6
num__BILL_AMT4,0.013773179,BILL_AMT4
cat__EDUCATION_5,0.013627801,EDUCATION
num__AGE,0.013305758,AGE
num__PAY_AMT4,0.013066031,PAY_AMT4
num__BILL_AMT2,0.01251632,BILL_AMT2
num__PAY_AMT5,0.012323941,PAY_AMT5
num__BILL_AMT3,0.011769006,BILL_AMT3
cat__SEX_1,0.011600869,SEX
num__BILL_AMT5,0.011504477,BILL_AMT5
cat__MARRIAGE_2,0.011420676,MARRIAGE
num__BILL_AMT6,0.011369143,BILL_AMT6
cat__EDUCATION_1,0.010600062,EDUCATION
cat__EDUCATION_2,0.010481109,EDUCATION
cat__MARRIAGE_1,0.010334494,MARRIAGE
cat__SEX_2,0.010303249,SEX
cat__EDUCATION_3,0.008715741,EDUCATION
cat__MARRIAGE_3,0.008611826,MARRIAGE
cat__MARRIAGE_0,0.007827543,MARRIAGE
cat__EDUCATION_4,0.007502189,EDUCATION
cat__EDUCATION_6,0.0071565784,EDUCATION
cat__EDUCATION_0,0.0,EDUCATION
