Customer_ID,LIMIT_BAL,SEX,EDUCATION,MARRIAGE,AGE,PAY_0,PAY_2,PAY_3,PAY_4,PAY_5,PAY_6,BILL_AMT1,BILL_AMT2,BILL_AMT3,BILL_AMT4,BILL_AMT5,BILL_AMT6,PAY_AMT1,PAY_AMT2,PAY_AMT3,PAY_AMT4,PAY_AMT5,PAY_AMT6
C0001,160000,2,2,2,33,2,2,3,2,0,0,161771,172632,168541,164310,162681,163005,15000,0,0,6100,12300,6100
C0002,150000,2,1,2,34,1,-1,-1,-2,-2,-2,0,53,0,0,0,0,53,0,0,0,0,0
C0003,10000,1,2,1,50,1,2,0,0,0,0,10171,8150,8446,8067,8227,8400,2,1281,1134,294,305,1000
C0004,220000,2,1,2,29,0,0,0,0,0,0,206879,211037,215139,218513,131660,134346,9100,9000,7887,4800,4900,6000
C0005,310000,2,1,2,32,1,-2,-1,0,0,-2,0,0,326,326,-235,-235,0,326,0,0,0,1200
C0006,240000,2,1,2,36,-1,-1,2,0,-1,2,5367,6959,6649,5149,13750,5777,6959,15,0,7013,0,726
C0007,160000,2,3,2,33,-1,2,2,2,2,-2,18195,755,44255,43228,-772,-772,0,43500,0,0,0,3000
C0008,50000,2,2,1,34,3,3,2,2,2,2,47904,48240,48602,46289,44837,44535,2000,2001,499,2000,2000,1500
C0009,360000,1,1,1,32,0,0,0,0,0,0,120533,124530,128518,134368,135626,134864,6000,6000,8000,4918,5000,3300
C0010,320000,1,2,2,29,0,0,0,0,0,0,324693,321110,325024,322246,297637,301575,11650,12500,11900,10503,10886,10040
C0011,30000,2,2,1,49,1,2,-1,-1,-1,2,10440,9972,16073,6342,8073,1731,0,16101,6342,1731,0,5517
C0012,200000,2,1,2,42,-1,-1,2,-1,-1,-1,660,1320,660,1320,1320,1710,1320,0,1320,1320,1710,27077
C0013,50000,2,1,2,24,1,-2,-2,-2,-2,-2,-709,-709,-709,-2898,-3272,-3272,0,0,0,0,0,0
C0014,130000,2,2,1,34,0,0,0,0,-2,-2,41379,24462,15720,0,0,0,3057,1047,0,0,0,0
C0015,210000,1,3,1,29,1,2,0,0,0,0,198510,194040,199393,194538,195990,194136,0,10000,7000,8000,8000,7200
C0016,90000,2,1,2,24,0,0,0,0,0,0,53173,19825,20840,21023,20776,21055,1324,1339,1638,890,763,769
C0017,30000,2,3,1,45,2,-1,-1,2,0,0,15667,12110,14904,14340,15131,16909,12110,3000,0,1000,2000,0
C0018,160000,1,1,1,41,-2,-2,-1,-1,-2,-1,155458,157690,150209,151343,154456,157632,7200,6100,5300,5400,165759,4872
C0019,200000,2,3,2,27,1,-2,-2,-2,-2,-2,0,0,0,0,0,0,0,0,0,0,0,0
C0020,150000,2,2,2,26,0,0,-1,-1,-2,-1,9189,4359,4880,0,0,2250,2000,4880,0,0,2250,0
C0021,390000,2,2,2,37,0,0,0,0,0,0,324452,309369,269703,266017,271657,245958,13106,10111,10005,11000,9007,9000
C0022,230000,1,2,1,36,0,0,0,0,0,0,19505,20715,19750,19506,19255,17479,3000,3000,3000,3000,3000,3000
C0023,50000,1,2,1,51,0,0,0,0,0,0,31281,30832,20497,19465,18474,20096,2556,1582,811,700,2318,1101
C0024,140000,1,3,1,58,2,0,0,0,0,0,98985,98702,96753,94310,92182,88818,4520,4034,5050,6034,3202,5000
C0025,70000,1,1,2,26,0,0,0,-1,0,0,35666,18116,18397,17262,24921,0,5000,17831,17262,15001,0,11672
C0026,20000,2,2,2,27,-1,2,0,0,0,2,20556,19403,13536,17623,18662,10243,8,2072,15000,1500,0,10000
C0027,60000,2,1,2,34,0,0,0,0,0,0,55447,48270,41087,25518,26276,27012,2178,1511,1200,1300,1300,1252
C0028,360000,1,1,2,35,-1,-1,-1,-1,-2,-1,2010,2936,640,0,0,4750,2936,640,0,0,4750,1470
C0029,180000,2,1,2,35,1,-2,-2,-2,-2,-2,-18,-18,-18,-18,-18,-18,0,0,0,0,0,0
C0030,20000,1,2,2,27,0,0,0,0,0,0,18860,17904,15300,12776,3585,0,1360,1206,256,72,0,0
C0031,60000,1,2,2,24,2,0,0,0,0,0,27019,25100,21023,16973,12410,11944,1686,2000,1000,1000,6000,5000
C0032,170000,2,2,2,29,0,0,0,0,0,0,69314,65083,67062,68188,56454,58453,2330,3028,2847,2600,3400,2045
C0033,310000,2,1,1,36,0,0,0,0,0,0,101941,71874,70459,72958,55547,30970,3016,3031,10091,1429,1500,10207
C0034,160000,1,4,1,28,0,0,0,0,0,0,154412,157364,157834,159877,155545,147330,7028,5823,4764,4251,4348,5000
C0035,30000,1,2,2,23,0,0,2,2,0,0,14404,32852,17113,4818,4818,0,3196,2000,0,0,0,0
C0036,50000,1,2,1,28,0,0,2,0,0,0,96393,100459,96051,18051,18767,19462,5800,300,18000,1000,1000,1000
C0037,50000,2,3,1,49,0,0,-2,-2,-2,-2,36325,0,0,0,0,0,0,0,0,0,0,0
C0038,20000,1,2,2,22,2,2,2,2,0,0,20433,19302,19276,19451,19641,20188,0,2100,1000,1000,1000,1000
C0039,450000,2,3,1,56,1,-1,-1,-1,-1,-1,-4,831,-3,646,-2,418,835,0,649,0,420,1204
C0040,280000,2,1,2,33,2,0,0,0,0,0,3192,4962,7860,10708,13516,16279,2000,3000,3000,3000,3000,3000
C0041,80000,2,1,2,27,-1,-1,-1,0,-1,-1,3199,1205,917,917,702,3099,1325,917,0,702,3099,0
C0042,80000,2,2,2,26,-1,2,2,-2,-2,-2,780,780,0,0,0,0,0,0,0,0,0,0
C0043,490000,1,1,1,43,-1,-1,-1,-1,-1,-1,25916,14187,56573,81414,62063,14122,14187,56717,81414,62063,14122,25417
C0044,230000,2,2,1,30,2,0,-1,-1,-1,-1,9636,10152,1817,-828,6153,12663,1222,1837,0,7863,12675,2959
C0045,60000,2,2,1,31,0,0,0,3,2,2,47000,49236,57752,56243,55213,58700,3000,10000,0,0,4400,2200
C0046,80000,1,2,2,23,0,-1,2,-1,-1,-2,25992,904,68,232,-604,-440,1000,0,1000,0,1000,0
C0047,260000,2,1,1,37,1,2,2,2,0,0,58261,59706,60969,59400,60315,63230,3000,2800,0,2500,4000,4000
C0048,330000,1,3,1,49,0,0,0,0,0,0,217148,218414,216225,181352,181172,179835,7849,7919,6198,6525,6523,6122
C0049,70000,2,1,2,27,0,0,2,0,0,0,72227,68097,65636,66114,66142,68380,6000,0,3000,2500,4100,4100
C0050,170000,2,2,1,45,0,0,0,0,0,0,169625,169944,169829,162988,125969,127643,6081,6336,5205,4452,4592,4677
C0051,110000,1,2,1,34,0,0,0,0,0,0,102638,101681,100316,100512,102215,103909,4600,4000,4000,3800,4000,4000
C0052,50000,2,3,1,47,2,0,0,0,0,0,46666,47606,48350,48786,49277,50151,2100,2200,2000,2000,1755,1804
C0053,360000,2,2,1,35,2,2,2,2,0,0,360996,370722,380523,372735,290210,290551,16500,16500,6,10306,10876,10323
C0054,200000,1,1,2,30,-2,-1,0,0,0,2,-1883,9208,103360,77818,26276,3235,15143,100057,292,10019,16,810
C0055,180000,2,2,1,46,1,2,0,0,0,0,35916,30711,27555,26574,23123,30680,1711,1300,7504,1123,13000,0
C0056,180000,2,3,1,35,0,0,0,0,0,2,175200,175285,60790,50479,28739,18037,7002,1807,2000,4000,0,33000
C0057,70000,2,2,2,22,0,0,0,0,0,0,57889,33868,33390,26457,27165,27562,1592,1497,947,1134,1000,1021
C0058,300000,2,2,1,49,-1,-1,-1,0,0,0,300,97,6497,5897,6005,0,97,6500,0,408,0,30000
C0059,180000,2,3,2,29,-2,-2,-2,-2,-2,-2,0,0,0,0,0,0,0,0,0,0,0,0
C0060,140000,2,3,2,31,0,0,0,0,0,0,92636,94641,96667,98883,79972,81642,3500,3600,3900,3000,3000,3200
C0061,120000,2,3,1,51,0,0,0,2,2,2,26496,28586,33828,34236,34734,35292,2800,6000,1200,1300,1200,0
C0062,30000,2,2,1,30,0,0,0,-2,-2,-2,14451,15525,0,0,0,0,1525,0,0,0,0,0
C0063,180000,1,2,2,27,0,0,0,0,0,0,147310,152047,143809,112323,112208,113887,7503,30018,4011,3802,4106,4006
C0064,20000,1,1,2,25,0,0,0,0,0,0,15848,16883,17839,18040,18414,16213,1595,1551,752,773,772,354
C0065,240000,2,1,2,33,0,0,0,0,0,0,99938,92104,85194,83021,78556,78495,3500,4200,3600,3000,3000,3000
C0066,50000,2,2,3,37,-1,-1,-1,-1,-1,0,1149,1420,1253,190,13390,9902,1424,1256,190,13400,30,16447
C0067,400000,2,2,1,34,-1,-1,0,-1,-1,0,14986,25772,12621,13983,3378,3770,25772,1500,13983,3378,2000,9353
C0068,50000,1,2,1,32,0,0,0,0,0,0,50669,48942,27836,40346,38668,20016,1613,1484,3675,698,1000,706
C0069,240000,2,1,2,32,-1,-1,-1,-1,-1,-1,5695,9420,16278,8998,10242,19098,9420,16290,8998,10421,19098,6697
C0070,100000,2,2,2,36,0,0,0,0,0,0,101513,98736,99072,91809,77499,76997,3600,5006,2910,2755,5000,5000
C0071,110000,1,1,2,29,2,0,0,0,2,0,77831,79365,81485,86309,84028,86114,3430,4000,7100,0,3600,3142
C0072,230000,2,1,2,27,-1,-1,-1,-1,-1,-2,17077,22420,57255,34289,0,0,22437,57326,34311,0,0,0
C0073,120000,1,1,2,24,2,-1,0,0,-2,-1,1330,2103,2473,1162,0,3443,2103,1170,1162,0,3443,0
C0074,200000,2,1,2,26,-2,-2,-2,-2,-2,-2,2364,442,33442,2140,964,2075,442,33448,2140,964,2075,7511
C0075,20000,2,1,2,25,-1,-1,-1,-1,-1,-2,2650,0,855,640,0,0,0,855,640,0,0,2742
C0076,100000,1,2,1,39,0,0,-2,-2,-2,-2,91300,0,0,0,0,0,0,0,0,0,0,0
C0077,80000,2,1,2,31,-1,-1,-1,-1,-1,-1,5759,8395,1768,4284,7202,2014,8414,1775,4284,7202,2014,5218
C0078,70000,1,2,2,36,0,0,0,0,0,0,20857,22199,23834,25353,27075,28092,2000,2000,2000,2000,3000,830
C0079,50000,2,2,1,28,1,2,0,0,2,0,5490,4471,5570,6676,5235,3728,0,1200,1308,0,500,1000
C0080,230000,2,1,2,30,-1,-1,-1,-1,-1,-1,754,-441,4410,0,711,5650,0,4851,0,711,5650,0
C0081,50000,2,2,1,50,0,0,0,0,0,0,48926,45156,27762,19238,15585,15892,2036,1243,3991,712,715,582
C0082,50000,1,3,1,45,4,3,2,0,0,0,50419,49331,48268,49075,49475,48575,0,0,2000,1000,1000,2000
C0083,30000,1,3,2,25,0,0,0,0,0,2,22821,23846,24864,25360,26999,26414,1397,1415,911,2051,0,1500
C0084,160000,2,1,1,40,-1,-1,-1,-1,0,-1,326,326,326,652,326,476,326,326,652,0,476,326
C0085,500000,1,1,1,45,0,0,0,0,0,0,3136,2345,8471,7234,5828,1906,2002,7505,145,33,1150,300
C0086,50000,1,1,2,32,0,0,0,0,0,0,18741,12724,13804,15331,15159,10188,1724,1804,2721,1159,1188,733
C0087,60000,2,1,1,36,0,0,0,2,2,2,4373,5428,9754,7795,8258,8370,1131,4457,37,500,300,0
C0088,140000,2,1,2,29,0,0,2,0,0,0,135436,144922,141289,137377,93261,95368,13102,17,5547,3242,3512,3333
C0089,120000,2,1,2,31,0,0,0,0,0,2,82683,83075,75735,62511,62179,60981,4445,4020,3000,5700,0,2500
C0090,290000,2,2,1,39,1,-2,-2,-2,-2,-2,-70,9540,390,3184,390,390,10000,800,3184,390,390,6617
C0091,80000,1,3,1,52,-1,0,0,0,0,0,35861,18521,19385,20561,21261,21457,1500,1500,1500,1028,876,1449
C0092,220000,1,1,1,49,-1,-1,-1,-1,-1,-1,1410,580,1386,-14,6160,1307,580,1386,0,6174,1307,1341
C0093,360000,1,1,1,39,1,-2,-2,-2,-1,-1,0,0,0,0,691,7020,0,0,0,691,7020,0
C0094,330000,1,2,1,47,-2,-2,-1,0,0,0,19540,23240,166722,215506,138371,21757,25487,166744,60057,560,17921,201134
C0095,130000,1,2,2,29,1,-1,-1,-1,-1,0,-4,1198,101424,-1175,111715,52337,1202,101726,1228,114488,2000,2007
C0096,350000,1,1,1,57,-2,-2,-2,-2,-2,-2,1910,0,1638,0,0,0,0,1638,0,0,0,0
C0097,20000,1,3,2,43,1,-1,2,0,0,0,-20,780,780,1560,780,0,800,0,0,0,0,0
C0098,130000,1,2,2,31,0,0,2,0,-1,-1,48628,52379,31247,40047,12450,2294,5207,0,9000,12450,2294,0
C0099,70000,2,2,1,49,0,0,0,0,0,0,64049,66079,67488,58246,48859,46688,3700,3100,2200,1600,1850,1800
C0100,60000,2,3,1,39,2,0,0,2,0,0,29565,31123,34134,23552,24020,26615,3000,3638,0,1000,3000,0
C0101,80000,2,2,2,25,1,-2,-2,-2,-2,-2,0,0,0,0,0,0,0,0,0,0,0,0
C0102,260000,2,2,1,60,1,-2,-1,-1,-2,-2,-20,-20,2000,0,0,0,0,2020,0,0,0,0
C0103,210000,2,1,2,25,-1,-1,-2,-1,0,0,100,0,0,5933,8698,11572,0,0,5933,3000,3000,7444
C0104,260000,1,1,2,34,-2,-2,-1,-1,-2,-2,916,2615,1580,920,730,466,2615,1586,920,730,466,1455
C0105,400000,2,2,2,39,1,-2,-2,-2,-2,-2,0,0,0,0,0,0,0,0,0,0,0,0
C0106,60000,2,2,1,48,0,0,0,0,0,0,46578,39085,18628,19002,19715,18900,1308,1290,664,1003,693,759
C0107,270000,2,3,1,37,1,-1,0,0,0,0,265044,60052,68660,77184,85591,101945,73000,10000,10000,10000,20000,25000
C0108,260000,2,1,2,33,-1,-1,-1,-1,-1,6,465,460,0,3600,2250,1650,460,0,3600,2250,0,0
C0109,170000,2,2,1,38,0,0,0,0,0,0,146518,142954,134372,84558,86538,88299,7031,6026,3200,3500,3200,4000
C0110,80000,2,2,2,29,2,0,0,0,0,0,77416,75500,69313,67972,66800,68693,2661,2509,2500,3000,3000,3000
C0111,120000,1,1,1,41,-1,-1,-2,-1,0,-1,416,0,0,832,416,416,0,416,1248,0,416,0
C0112,50000,1,2,2,32,0,0,0,0,0,0,48536,41045,41532,18646,19183,19214,3030,2124,646,828,1097,612
C0113,100000,2,3,2,32,0,0,0,0,0,0,79158,93667,58161,41414,28835,29423,23591,2116,1400,1165,588,639
C0114,30000,1,1,2,30,0,0,2,0,0,0,13216,15003,15461,16204,16642,17067,2000,1000,1000,700,700,700
C0115,150000,2,3,2,47,0,0,0,0,0,0,153412,153720,150540,153103,152060,151470,7000,7000,7000,5200,5500,6300
C0116,50000,2,2,1,30,0,0,0,0,0,0,48139,49364,50558,23921,24423,25059,2299,2493,856,887,1043,922
C0117,210000,2,1,2,26,0,0,0,0,0,0,23245,8487,17950,18915,19359,21604,3487,10000,2000,1000,3000,1000
C0118,130000,2,1,2,23,-1,-1,-1,0,-1,0,3820,2640,30403,9630,7120,3940,2640,30403,193,7120,79,9589
C0119,90000,2,2,1,41,1,1,-2,-2,-2,-2,28636,-2364,-2364,-2364,-2364,-2364,0,0,0,0,0,0
C0120,160000,1,2,2,30,0,0,0,0,0,0,155967,151161,132051,93367,84622,87255,7541,5500,4200,3032,4000,2609
C0121,80000,2,1,2,34,0,0,2,2,0,0,75517,77078,73783,68909,66308,60687,6000,2000,0,5065,6235,3000
C0122,110000,2,1,2,29,0,0,0,0,0,0,105102,107388,106805,107608,108643,109689,5289,3875,3830,4000,4000,5000
C0123,260000,2,2,1,56,0,0,-2,-2,-1,0,2338,0,0,0,58,1058,0,0,0,58,1000,1000
C0124,100000,2,1,2,23,-1,-1,-1,0,0,0,850,0,8472,8472,1768,0,0,8472,0,0,0,9038
C0125,180000,2,1,1,45,0,0,0,2,0,0,18472,20546,24956,24262,24782,26208,2690,5100,0,1058,2000,3000
C0126,50000,2,2,1,33,1,2,0,0,-2,-2,7642,3273,4166,0,0,0,0,1000,0,0,0,0
C0127,200000,1,1,2,32,-1,-1,-1,-2,-2,-2,1125,2182,0,0,0,0,2182,0,0,0,0,0
C0128,150000,1,2,1,39,-1,-1,-1,-1,-1,-1,10086,32353,13181,2010,7790,0,32400,13181,2020,7790,0,0
C0129,200000,1,2,2,27,1,2,2,2,2,2,112050,115353,112099,118764,120780,123710,6501,0,10000,4001,5000,0
C0130,140000,2,2,1,33,-1,-1,-1,-1,0,0,1750,397,13126,3454,1747,1240,397,13126,3456,89,156,2813
C0131,100000,2,2,2,32,0,0,0,2,0,0,76112,77494,96445,92742,92644,95497,4500,25445,0,3500,6790,0
C0132,60000,2,2,2,38,0,0,0,0,0,-1,13138,22389,16586,5516,16378,2670,20000,5000,3000,16000,3000,980
C0133,100000,1,1,2,26,0,0,0,0,0,0,7136,8515,9749,14188,16602,19575,1500,1500,4500,5000,5000,5000
C0134,100000,2,2,1,46,1,2,2,0,0,0,97515,99028,96592,99801,27930,27377,4000,0,5000,2000,1116,1500
C0135,50000,2,2,2,24,0,0,0,0,2,0,8587,9941,10950,11519,11191,11903,1500,1481,1050,0,903,333
C0136,130000,2,1,1,55,0,0,0,0,0,0,126205,128064,131524,46445,44973,45578,4998,5946,1620,1623,1659,1749
C0137,140000,2,2,1,48,0,0,0,0,0,0,41241,42548,44552,46503,48418,49277,1996,3000,3000,3000,1790,1965
C0138,180000,2,4,1,44,0,0,0,0,0,2,151538,133924,136707,139438,143513,141119,6256,6434,6506,10813,0,5557
C0139,110000,2,2,2,40,0,0,0,0,0,0,96950,93571,86595,81077,77747,78913,3255,3056,2802,2813,4000,3500
C0140,90000,1,3,2,50,0,0,0,0,0,0,76495,71616,60177,54440,45788,41874,3243,2390,1840,1690,1954,1497
C0141,180000,2,1,2,33,1,-1,-1,-1,-2,-1,0,4163,7683,0,0,9500,4163,7683,200,0,9500,0
C0142,290000,1,1,2,41,0,0,0,0,0,0,255049,247090,242309,238609,238712,237847,9006,8507,10902,8600,8671,8210
C0143,330000,2,2,1,31,-1,0,-1,-1,-1,-1,1732,1349,1366,1383,1383,1383,1000,1400,1400,1383,1383,851
C0144,50000,2,3,1,38,0,0,0,0,0,0,50312,50145,49386,19818,18540,19109,6000,3120,4300,1000,1000,1000
C0145,70000,1,3,2,28,1,2,0,0,0,0,68970,67308,68582,68361,68060,68223,0,3005,2546,2602,2430,2659
C0146,60000,2,1,2,31,0,-1,2,2,2,2,3610,855,111,411,261,6695,900,0,300,0,6500,0
C0147,100000,1,1,2,38,1,2,2,2,2,2,24796,27085,26352,33871,33192,35637,3000,0,8000,0,3000,0
C0148,10000,1,2,2,23,0,0,0,0,0,0,8579,3714,4158,4654,3080,0,1060,1104,1000,31,0,0
C0149,240000,2,1,1,27,1,-2,-1,-1,0,0,0,0,402,14350,14129,10222,0,402,14350,1129,1222,204
C0150,380000,1,1,1,53,-2,-2,-2,-2,-2,-2,360,360,360,720,360,360,360,360,720,0,360,360
C0151,190000,1,2,2,33,0,0,0,0,0,0,176028,166336,162100,155584,157988,154366,7063,8004,5500,7000,6000,5000
C0152,350000,2,1,1,33,0,-1,-1,-1,-1,-1,82964,68532,17926,17966,30741,31088,68940,18018,18058,30897,31244,88461
C0153,210000,1,1,1,35,-1,-1,-1,-1,-2,-1,205,0,775,0,0,635,0,775,0,0,635,0
C0154,50000,1,2,2,24,0,0,-1,0,0,0,44687,39137,39877,28471,29309,28409,2138,44447,2202,2004,1202,1051
C0155,100000,2,1,2,22,2,0,0,0,0,0,72222,73859,75427,76587,78711,80510,3400,3400,3000,3500,3200,2000
C0156,500000,1,1,2,38,-2,-2,-2,-2,-2,-2,0,0,0,8086,0,0,0,0,8086,0,0,0
C0157,50000,1,2,2,26,-1,-1,-1,-1,-1,-1,581,581,581,581,581,581,581,581,581,581,581,581
C0158,50000,2,2,2,23,0,0,0,2,0,0,32206,65339,33329,20935,15809,16133,1630,6348,0,420,593,500
C0159,180000,2,3,2,32,0,0,0,0,0,0,183512,172194,176105,171475,134590,133146,7700,8254,9600,4712,4995,5000
C0160,240000,2,1,2,30,-1,-1,0,0,0,-1,325,18428,32384,22749,7804,290,18428,15000,0,0,300,350
C0161,300000,1,1,1,44,0,0,0,0,0,0,58137,51459,49737,48015,36004,6748,3000,2000,1500,3000,1000,3000
C0162,70000,2,1,1,36,1,2,2,0,0,2,18514,19913,19310,20021,22175,21680,2000,0,1339,2493,0,792
C0163,80000,2,1,2,23,0,0,0,0,0,0,74464,69584,66342,60514,48965,29648,3117,2519,1838,1434,1015,1505
C0164,450000,2,2,1,41,0,-1,0,-1,-1,-1,104624,28114,19758,12518,18328,14879,28114,1424,12518,18328,14879,34744
C0165,50000,2,3,1,47,0,-1,-1,-1,-1,0,1091,390,1554,390,780,390,390,1554,390,780,0,390
C0166,50000,1,2,1,49,0,0,0,0,0,0,35623,12601,10527,10679,10734,11550,1168,1500,1000,1000,1000,1000
C0167,200000,2,1,2,40,0,0,0,0,0,0,132563,135202,137111,137121,139343,141859,4841,5047,4922,4926,5105,5500
C0168,470000,2,1,1,37,0,0,0,0,0,0,163000,160298,135683,128719,116173,104283,10047,5001,6010,4512,4012,3522
C0169,20000,1,3,2,48,0,0,2,2,0,0,13543,16434,17452,16879,17059,17263,3132,1577,0,757,628,700
C0170,470000,1,1,2,27,-1,-1,-1,-1,0,0,4007,3201,14509,21168,14501,8726,3201,14509,21168,0,1528,6970
C0171,50000,2,1,2,28,0,0,0,0,0,0,48782,47708,49846,49303,29722,29624,2100,3600,2146,1004,1100,1294
C0172,100000,1,2,2,34,0,0,0,0,0,0,47908,48909,49954,50974,52021,53186,1800,1830,1850,1894,2000,2000
C0173,150000,2,3,2,39,0,0,0,0,0,-1,60115,48412,37033,25032,12500,12500,1662,1783,1282,250,12500,12500
C0174,80000,1,1,2,29,-1,-1,0,0,0,0,2170,17562,17709,15631,13402,13197,17568,3015,2008,1009,2005,507
C0175,400000,1,2,2,44,0,0,0,0,0,0,6902,7904,7566,7716,7722,7890,1216,1213,363,219,234,159
C0176,470000,2,2,2,32,0,0,0,0,0,0,491428,488642,485382,360959,338592,123737,300000,15937,11891,120000,6380,250000
C0177,100000,2,2,1,26,0,0,0,2,0,0,95087,87380,87083,82653,72867,74140,3965,7138,0,2448,2674,2672
C0178,200000,1,2,2,33,-1,-1,-1,-1,-1,-1,18044,390,20718,390,390,390,390,20718,390,390,390,540
C0179,20000,1,2,1,36,1,2,2,2,2,0,19006,18418,20465,20381,18446,18598,0,2690,900,0,1000,1000
C0180,60000,2,2,1,40,0,0,0,0,0,0,57030,48742,35628,31738,28217,29817,5000,2000,1022,1009,5000,1000
C0181,440000,1,1,2,33,-1,-1,-1,-1,0,-1,2976,16911,5945,17165,1176,18377,16911,5945,17165,0,18377,1759
C0182,210000,2,1,1,39,-1,-1,-1,-1,-1,-1,5907,2615,1220,5357,4160,0,2637,1220,5357,4160,0,0
C0183,210000,2,1,2,31,0,0,0,-1,0,0,9604,10970,1230,24531,24287,22683,5056,1230,24531,1003,479,8080
C0184,180000,1,1,2,27,0,0,0,0,0,0,94450,96632,99127,100581,102800,104931,4600,5000,4000,4000,4000,4200
C0185,60000,1,2,1,31,0,0,2,0,0,0,55831,60430,58906,59210,44521,31497,8660,0,2150,800,1000,1781
C0186,70000,2,1,2,25,0,0,0,0,0,0,27990,24526,25532,25971,14859,14930,1394,1790,1229,519,687,557
C0187,200000,2,2,2,25,-2,-2,-1,-1,0,-1,22701,7940,9855,24091,24583,7354,0,10145,24091,492,7354,9694
C0188,50000,1,2,1,50,1,1,-2,-2,-2,-2,36750,0,0,0,0,0,5000,0,0,0,0,0
C0189,500000,1,1,1,61,-1,-1,-1,0,0,0,11430,29015,25364,19550,21096,23491,29205,25428,9575,11116,15063,217
C0190,170000,2,3,1,40,1,2,0,0,0,0,179399,41265,20619,19520,5200,0,0,2000,1136,1000,0,36679
C0191,170000,1,3,1,31,2,0,0,0,0,0,170485,229805,167524,185414,121092,117320,8000,8000,5000,5000,4500,5000
C0192,30000,2,1,2,36,0,0,2,0,-1,-1,14254,16598,15908,16029,6501,0,2890,0,321,6501,0,0
C0193,250000,2,3,1,50,-2,-2,-2,-2,-2,-2,193355,8173,-11,-11,39618,20380,8173,0,0,39629,20380,32701
C0194,50000,1,3,1,35,0,0,2,0,0,2,35214,37305,34789,8671,9550,8741,3900,2,500,1000,0,500
C0195,200000,2,2,1,51,1,2,2,0,0,2,93215,95336,93114,94239,99428,101843,4300,0,3365,6700,4000,3500
C0196,250000,2,2,2,41,-1,-1,-1,-1,-1,-1,312,-18,3600,-10,2022,3809,0,3618,0,2032,3827,3710
C0197,80000,2,2,1,37,0,0,0,0,0,0,81218,74073,68763,69192,70574,70470,2527,3691,2337,2512,2743,2463
C0198,230000,2,2,1,51,0,0,0,0,0,0,51802,53956,56968,58099,59318,60504,3000,3921,2079,2155,2174,2225
C0199,340000,2,1,2,29,0,0,0,0,0,0,82922,81084,74530,66897,64699,35540,3600,2962,2500,1800,1000,1000
C0200,80000,1,1,2,32,-1,-1,-2,-2,-2,-2,4055,0,0,0,0,0,0,0,0,0,0,0
