Feature,Importance Mean,Importance Std
PAY_0,0.07366003378239191,0.006756669524550783
LIMIT_BAL,0.025159715968948393,0.004562290607779535
BILL_AMT1,0.008097768831917863,0.003296560323833682
PAY_2,0.004351837138266435,0.002876730660705225
PAY_4,0.003559216295589973,0.0021663623722499854
PAY_AMT2,0.003242727074762597,0.002569183325955772
PAY_3,0.003223746549664197,0.0025807996956167083
BILL_AMT3,0.002644766966235235,0.0013715401783165862
BILL_AMT4,0.0024468692433096463,0.0010162987712032574
PAY_AMT6,0.002246249507094844,0.0014068275215909478
BILL_AMT2,0.0019569068512338196,0.0008269383162099326
PAY_AMT3,0.0018953304965540374,0.0018412487479918648
EDUCATION,0.0016321780226117855,0.0008187572977554463
BILL_AMT6,0.001620260018480213,0.0008369298424037597
PAY_6,0.0008255792738550815,0.002480076699063584
PAY_AMT4,0.0007623844247870659,0.0012008088666276096
BILL_AMT5,0.0006126001259482483,0.00070698693769181
SEX,0.0004973191847496339,0.000680447328866729
AGE,0.0004898888241490651,0.0007711800125703993
PAY_5,0.000277203947949145,0.0017424834157775135
MARRIAGE,0.00024865959237477806,0.0007279323859189994
PAY_AMT1,-0.0005923689460953563,0.0021103301282406526
PAY_AMT5,-0.0012683110569651657,0.000765674115283674
