Original Feature,XGBoost Importance,Permutation Importance,Permutation Std,Mean Absolute SHAP
PAY_0,0.3596854,0.07366003378239191,0.006756669524550783,0.51338285
LIMIT_BAL,0.02211593,0.025159715968948393,0.004562290607779535,0.20463367
BILL_AMT1,0.019355912,0.008097768831917863,0.003296560323833682,0.14159927
PAY_2,0.15499173,0.004351837138266435,0.002876730660705225,0.11116009
PAY_AMT2,0.021944795,0.003242727074762597,0.002569183325955772,0.103171684
PAY_AMT1,0.017907446,-0.0005923689460953563,0.0021103301282406526,0.093486525
PAY_3,0.04372366,0.003223746549664197,0.0025807996956167083,0.08996683
PAY_AMT3,0.01839315,0.0018953304965540374,0.0018412487479918648,0.075334415
PAY_AMT6,0.015171071,0.002246249507094844,0.0014068275215909478,0.057464123
PAY_6,0.031917103,0.0008255792738550815,0.002480076699063584,0.05540187
PAY_5,0.034755286,0.000277203947949145,0.0017424834157775135,0.049664665
PAY_4,0.04222854,0.003559216295589973,0.0021663623722499854,0.04376747
MARRIAGE,0.038194537,0.00024865959237477806,0.0007279323859189994,0.042333845
BILL_AMT4,0.013773179,0.0024468692433096463,0.0010162987712032574,0.039985094
PAY_AMT4,0.013066031,0.0007623844247870659,0.0012008088666276096,0.038208093
EDUCATION,0.058083482,0.0016321780226117855,0.0008187572977554463,0.037160426
BILL_AMT2,0.01251632,0.0019569068512338196,0.0008269383162099326,0.034980733
BILL_AMT3,0.011769006,0.002644766966235235,0.0013715401783165862,0.034056667
BILL_AMT6,0.011369143,0.001620260018480213,0.0008369298424037597,0.033539347
SEX,0.021904118,0.0004973191847496339,0.000680447328866729,0.026681317
PAY_AMT5,0.012323941,-0.0012683110569651657,0.000765674115283674,0.025983684
BILL_AMT5,0.011504477,0.0006126001259482483,0.00070698693769181,0.024256961
AGE,0.013305758,0.0004898888241490651,0.0007711800125703993,0.0237001
