Transformed Feature,Mean Absolute SHAP,Original Feature
num__LIMIT_BAL,0.20463367,LIMIT_BAL
num__AGE,0.0237001,AGE
num__PAY_0,0.51338285,PAY_0
num__PAY_2,0.11116009,PAY_2
num__PAY_3,0.08996683,PAY_3
num__PAY_4,0.04376747,PAY_4
num__PAY_5,0.049664665,PAY_5
num__PAY_6,0.05540187,PAY_6
num__BILL_AMT1,0.14159927,BILL_AMT1
num__BILL_AMT2,0.034980733,BILL_AMT2
num__BILL_AMT3,0.034056667,BILL_AMT3
num__BILL_AMT4,0.039985094,BILL_AMT4
num__BILL_AMT5,0.024256961,BILL_AMT5
num__BILL_AMT6,0.033539347,BILL_AMT6
num__PAY_AMT1,0.093486525,PAY_AMT1
num__PAY_AMT2,0.103171684,PAY_AMT2
num__PAY_AMT3,0.075334415,PAY_AMT3
num__PAY_AMT4,0.038208093,PAY_AMT4
num__PAY_AMT5,0.025983684,PAY_AMT5
num__PAY_AMT6,0.057464123,PAY_AMT6
cat__SEX_1,0.019601747,SEX
cat__SEX_2,0.00707957,SEX
cat__EDUCATION_0,0.0,EDUCATION
cat__EDUCATION_1,0.0051419814,EDUCATION
cat__EDUCATION_2,0.01986398,EDUCATION
cat__EDUCATION_3,0.002823296,EDUCATION
cat__EDUCATION_4,0.0007347473,EDUCATION
cat__EDUCATION_5,0.008481225,EDUCATION
cat__EDUCATION_6,0.000115197014,EDUCATION
cat__MARRIAGE_0,0.0010529675,MARRIAGE
cat__MARRIAGE_1,0.01134868,MARRIAGE
cat__MARRIAGE_2,0.02959911,MARRIAGE
cat__MARRIAGE_3,0.00033308598,MARRIAGE
