Threshold,Accuracy,Balanced Accuracy,Precision,Recall,Specificity,F1,TN,FP,FN,TP
0.05,0.27666666666666667,0.528839555882024,0.23186470850022253,0.9811676082862524,0.07651150347779562,0.375089992800576,286,3452,20,1042
0.06,0.31354166666666666,0.5501559793599404,0.24052986288635836,0.9745762711864406,0.12573568753344033,0.385834109972041,470,3268,27,1035
0.07,0.34958333333333336,0.5675668731277187,0.24853515625,0.9585687382297552,0.17656500802568217,0.3947266382318728,660,3078,44,1018
0.08,0.3875,0.5892150550310901,0.2591072344792201,0.9510357815442562,0.22739432851792402,0.40725806451612906,850,2888,52,1010
0.09,0.42854166666666665,0.6074768827101716,0.2699151382425404,0.928436911487759,0.28651685393258425,0.41823966065747614,1071,2667,76,986
0.1,0.47229166666666667,0.6294998987343303,0.28412092750220136,0.911487758945386,0.3475120385232745,0.43320653390020136,1299,2439,94,968
0.11,0.5202083333333334,0.6545351905759447,0.3025771555838371,0.8954802259887006,0.41359015516318887,0.45231866825208084,1546,2192,111,951
0.12,0.5579166666666666,0.6696456910701816,0.3177441540577717,0.8700564971751412,0.46923488496522203,0.4654911838790932,1754,1984,138,924
0.13,0.5947916666666667,0.684221146085553,0.3350765782592454,0.844632768361582,0.5238095238095238,0.4798074351430864,1958,1780,165,897
0.14,0.625,0.6918198498849804,0.35012185215272135,0.8116760828625236,0.5719636169074371,0.489216799091941,2138,1600,200,862
0.15,0.651875,0.6932337906914179,0.3640017865118356,0.7674199623352166,0.6190476190476191,0.49378976067858227,2314,1424,247,815
0.16,0.6797916666666667,0.7000352162702191,0.38352133398724864,0.736346516007533,0.6637239165329053,0.5043534343760078,2481,1257,280,782
0.17,0.6979166666666666,0.7042573901267484,0.39832285115303984,0.7156308851224106,0.6928838951310862,0.5117845117845118,2590,1148,302,760
0.18,0.7145833333333333,0.7072061859721352,0.41358024691358025,0.6939736346516008,0.7204387372926698,0.5182841068917018,2693,1045,325,737
0.19,0.7277083333333333,0.7085551353785976,0.42695289206917114,0.6741996233521658,0.7429106474050294,0.5228185469149325,2777,961,346,716
0.2,0.7372916666666667,0.7103265288848988,0.43800623052959503,0.6619585687382298,0.7586944890315677,0.5271841019872516,2836,902,359,703
0.21,0.7458333333333333,0.7100809218501087,0.44836601307189544,0.6459510357815442,0.7742108079186731,0.529320987654321,2894,844,376,686
0.22,0.755,0.7085513568088315,0.4604715672676838,0.6252354048964218,0.7918673087212413,0.5303514376996805,2960,778,398,664
0.23,0.7604166666666666,0.7062993292282951,0.4681620839363242,0.6092278719397364,0.8033707865168539,0.5294599018003273,3003,735,415,647
0.24,0.76625,0.7033036791178098,0.4771689497716895,0.5903954802259888,0.8162118780096308,0.5277777777777778,3051,687,435,627
0.25,0.774375,0.7041387430360959,0.49159327461969576,0.5781544256120528,0.8301230604601391,0.531371700562527,3103,635,448,614
0.26,0.781875,0.7042354744221055,0.5063291139240507,0.5649717514124294,0.8434991974317817,0.5340453938584779,3153,585,462,600
0.27,0.7870833333333334,0.7038719760106162,0.5175746924428822,0.5546139359698682,0.8531300160513644,0.5354545454545454,3189,549,473,589
0.28,0.7929166666666667,0.7042468101314036,0.5311926605504587,0.5451977401129944,0.8632958801498127,0.5381040892193308,3227,511,483,579
0.29,0.7960416666666666,0.7032197948690045,0.5392620624408704,0.536723163841808,0.8697164258962011,0.5379896177442189,3251,487,492,570
0.3,0.7991666666666667,0.7008445859140965,0.5482283464566929,0.524482109227872,0.877207062600321,0.53609239653513,3279,459,505,557
0.31,0.8058333333333333,0.7014174170906222,0.5675675675675675,0.5141242937853108,0.8887105403959337,0.5395256916996047,3322,416,516,546
0.32,0.808125,0.6995183079262303,0.5757250268528464,0.504708097928437,0.8943285179240236,0.537882589061716,3343,395,526,536
0.33,0.8072916666666666,0.6939275361004555,0.5756906077348066,0.4905838041431262,0.8972712680577849,0.5297407219115404,3354,384,541,521
0.34,0.8095833333333333,0.6927025237823181,0.5842824601366743,0.4830508474576271,0.9023542001070091,0.5288659793814433,3373,365,549,513
0.35,0.8091666666666667,0.6883904199653581,0.5852803738317757,0.4717514124293785,0.9050294275013376,0.5224191866527633,3383,355,561,501
0.36,0.81125,0.6877057431237588,0.5935251798561151,0.4661016949152542,0.9093097913322632,0.5221518987341772,3399,339,567,495
0.37,0.8127083333333334,0.6856086369036283,0.6007416563658838,0.4576271186440678,0.9135901551631889,0.5195082843399251,3415,323,576,486
0.38,0.8129166666666666,0.6806866719264358,0.6053984575835476,0.4435028248587571,0.9178705189941145,0.5119565217391304,3431,307,591,471
0.39,0.8129166666666666,0.6766420908489086,0.6087533156498673,0.4322033898305085,0.9210807918673087,0.5055066079295154,3443,295,603,459
0.4,0.8141666666666667,0.6747482716821891,0.6161202185792349,0.4246704331450094,0.9248261102193687,0.5027870680044593,3457,281,611,451
0.41,0.8141666666666667,0.6713777874509164,0.6193820224719101,0.4152542372881356,0.9275013376136971,0.4971815107102593,3467,271,621,441
0.42,0.815625,0.669280681230786,0.62882096069869,0.4067796610169492,0.9317817014446228,0.4939965694682676,3483,255,630,432
0.43,0.816875,0.6667127652178119,0.6384266263237519,0.3973634651600753,0.9360620652755485,0.48984329657574,3499,239,640,422
0.44,0.816875,0.6646904746790483,0.6409861325115562,0.391713747645951,0.9376672017121456,0.4862653419053185,3505,233,646,416
0.45,0.8164583333333333,0.6620636129777246,0.6420722135007849,0.3851224105461394,0.9390048154093098,0.48145968216598,3510,228,653,409
0.46,0.8177083333333334,0.6605068422341323,0.6515397082658023,0.3785310734463277,0.9424826110219369,0.478856462179869,3523,215,660,402
0.47,0.818125,0.6594261712810561,0.6556836902800659,0.3747645951035782,0.944087747458534,0.47693229478729776,3529,209,664,398
0.48,0.8195833333333333,0.6593513555996893,0.664983164983165,0.371939736346516,0.9467629748528625,0.47705314009661837,3539,199,667,395
0.49,0.8195833333333333,0.6569920166377984,0.6689655172413793,0.3653483992467043,0.9486356340288925,0.4725943970767357,3546,192,674,388
0.5,0.82,0.6549002004153404,0.675531914893617,0.3587570621468927,0.9510433386837881,0.46863468634686345,3555,183,681,381
0.51,0.8202083333333333,0.6536857680925477,0.6792792792792792,0.3549905838041431,0.9523809523809523,0.46629560915275203,3560,178,685,377
0.52,0.8202083333333333,0.6516634775537842,0.6832412523020258,0.3493408662900188,0.9539860888175495,0.46230529595015574,3566,172,691,371
0.53,0.8197916666666667,0.6483625190062059,0.6869070208728653,0.3408662900188324,0.9558587479935795,0.4556324732536186,3573,165,700,362
0.54,0.81875,0.645334373195733,0.6853281853281853,0.3342749529190207,0.9563937934724451,0.44936708860759494,3575,163,707,355
0.55,0.8183333333333334,0.6430445599175365,0.687007874015748,0.3286252354048964,0.9574638844301766,0.4445859872611465,3579,159,713,349
0.56,0.8183333333333334,0.6406852209556456,0.6923076923076923,0.3220338983050847,0.9593365436062066,0.43958868894601544,3586,152,720,342
0.57,0.818125,0.6388662174702928,0.6948453608247422,0.3173258003766478,0.9604066345639379,0.4356819650937298,3590,148,725,337
0.58,0.818125,0.6378550722009111,0.697286012526096,0.3145009416195857,0.9612092027822365,0.4334847501622323,3593,145,728,334
0.59,0.8185416666666666,0.6367744012478349,0.7036247334754797,0.3107344632768362,0.9628143392188336,0.4310907903331156,3599,139,732,330
0.6,0.81875,0.6345488236556605,0.711453744493392,0.3041431261770245,0.9649545211342964,0.4261213720316623,3607,131,739,323
0.61,0.8166666666666667,0.6278184351884599,0.7106481481481481,0.2890772128060264,0.9665596575708936,0.4109772423025435,3613,125,755,307
0.62,0.81625,0.624854525064009,0.715311004784689,0.2815442561205273,0.9681647940074907,0.40405405405405403,3619,119,763,299
0.63,0.81375,0.6175195654342484,0.7121212121212122,0.2655367231638418,0.9695024077046549,0.3868312757201646,3624,114,780,282
0.64,0.8133333333333334,0.6142186068866702,0.718421052631579,0.2570621468926554,0.9713750668806849,0.3786407766990291,3631,107,789,273
0.65,0.8108333333333333,0.6068836472569095,0.7150837988826816,0.24105461393596986,0.9727126805778491,0.36056338028169016,3636,102,806,256
0.66,0.8097916666666667,0.603181404600182,0.7159420289855073,0.23258003766478344,0.9737827715355806,0.35110163468372424,3640,98,815,247
0.67,0.8095833333333333,0.6000142074223201,0.725609756097561,0.224105461393597,0.9759229534510433,0.3424460431654676,3648,90,824,238
0.68,0.8083333333333333,0.5948300097033672,0.7305194805194806,0.211864406779661,0.9777956126270733,0.3284671532846715,3655,83,837,225
0.69,0.80625,0.5891107665055485,0.726027397260274,0.19962335216572505,0.9785981808453719,0.31314623338257014,3658,80,850,212
0.7,0.8047916666666667,0.5831187105706245,0.7323420074349443,0.1854990583804143,0.9807383627608347,0.29601803155522166,3666,72,865,197
0.71,0.80375,0.5784053226445152,0.74,0.17419962335216574,0.9826110219368647,0.2820121951219512,3673,65,877,185
0.72,0.8027083333333334,0.5740289831415332,0.7467811158798283,0.1638418079096045,0.9842161583734618,0.26872586872586873,3679,59,888,174
0.73,0.8014583333333334,0.5688447854225801,0.755868544600939,0.15160075329566855,0.9860888175494917,0.25254901960784315,3686,52,901,161
0.74,0.7983333333333333,0.5604344448374157,0.7473684210526316,0.1337099811676083,0.9871589085072231,0.2268370607028754,3690,48,920,142
0.75,0.7947916666666667,0.5507454362434366,0.7361963190184049,0.11299435028248588,0.9884965222043873,0.19591836734693877,3695,43,942,120
0.76,0.7920833333333334,0.5415914731283232,0.7424242424242424,0.09227871939736347,0.990904226859283,0.16415410385259632,3704,34,964,98
0.77,0.7895833333333333,0.5342565134985626,0.7363636363636363,0.07627118644067797,0.9922418405564473,0.13822525597269625,3709,29,981,81
0.78,0.788125,0.5269162638711297,0.7848101265822784,0.0583804143126177,0.9954521134296416,0.10867659947414549,3721,17,1000,62
0.79,0.785,0.5178318264397107,0.7884615384615384,0.038606403013182675,0.9970572498662387,0.07360861759425494,3727,11,1021,41
0.8,0.78375,0.5133217255670122,0.8333333333333334,0.02824858757062147,0.9983948635634029,0.0546448087431694,3732,6,1032,30
0.81,0.7825,0.5098227699636956,0.8461538461538461,0.02071563088512241,0.9989299090422686,0.04044117647058824,3734,4,1040,22
0.82,0.7810416666666666,0.5061900529906623,0.8235294117647058,0.013182674199623353,0.9991974317817014,0.025949953660797033,3735,3,1048,14
0.83,0.7804166666666666,0.5047776236121313,0.7857142857142857,0.010357815442561206,0.9991974317817014,0.020446096654275093,3735,3,1051,11
0.84,0.779375,0.5024235746479129,0.6666666666666666,0.005649717514124294,0.9991974317817014,0.011204481792717087,3735,3,1056,6
0.85,0.7789583333333333,0.5014819550622255,0.5714285714285714,0.003766478342749529,0.9991974317817014,0.007483629560336763,3735,3,1058,4
0.86,0.779375,0.501412429378531,1.0,0.002824858757062147,1.0,0.005633802816901409,3738,0,1059,3
0.87,0.7791666666666667,0.5009416195856874,1.0,0.0018832391713747645,1.0,0.0037593984962406013,3738,0,1060,2
0.88,0.77875,0.5,0.0,0.0,1.0,0.0,3738,0,1062,0
0.89,0.77875,0.5,0.0,0.0,1.0,0.0,3738,0,1062,0
0.9,0.77875,0.5,0.0,0.0,1.0,0.0,3738,0,1062,0
0.91,0.77875,0.5,0.0,0.0,1.0,0.0,3738,0,1062,0
0.92,0.77875,0.5,0.0,0.0,1.0,0.0,3738,0,1062,0
0.93,0.77875,0.5,0.0,0.0,1.0,0.0,3738,0,1062,0
0.94,0.77875,0.5,0.0,0.0,1.0,0.0,3738,0,1062,0
0.95,0.77875,0.5,0.0,0.0,1.0,0.0,3738,0,1062,0
